document_number,title,doc_type,destination,current_rev,current_source_dco,current_file_path,superseded_revs,status,category,flags
AD.SLQ001,Patient Experience Release Form,SOP,records,A,Administration,Administration/AD.SLQ001 A Patient Experience Release Form.pdf,,Released,Quality Management System,
BOM-C.SLQ001,"Bill of Materials, Suspension",SOP,records,C,DMR,"DMR/BOM-C.SLQ001 C Bill of Materials, Suspension.xlsx",B,Released,Quality Management System,No physical file for prior revision A (history gap).
BOR-C.SLQ001,"Bill of Reference, Suspension",SOP,records,A,DMR,"DMR/BOR-C.SLQ001 A Bill of Reference, Suspension.pptx",,Released,Quality Management System,
DC.SLQ001,Design Project Plan,SOP,records,A,QMSInProcess package,QMSInProcess/DC.SLQ001/DC.SLQ001 A Design Project Plan.docx,,Released,Design Control,
DC.SLQ002,"Design Project Plan, Silq eQMS EDMS Transition",SOP,records,A,QMSInProcess package,"QMSInProcess/DC.SLQ002/DC.SLQ002 A Design Project Plan, Silq eQMS EDMS Transition.docx",,Released,Design Control,
FM1-QM.SLQ001,Document Change Order Form,Form,document_control,B,QMSInProcess package,QMSInProcess/DCO091/FM1-QM.SLQ001 B Document Change Order Form.docx,A,Released,Document & Records Control,
FM1-QM.SLQ003,Employee Training Program,Form,document_control,A,Forms/Templates/Travelers (clean),"Forms, Templates, and Travelers/Forms/FM1-QM.SLQ003 A Employee Training Program.docx",,Released,Training,
FM1-QM.SLQ004,Design Project Scope Form DC.SLQ001,Form,document_control,A,QMSInProcess package,QMSInProcess/DC.SLQ001/FM1-QM.SLQ004 A Design Project Scope Form DC.SLQ001.pdf,,Obsolete,Design Control,Marked OBSOLETE by DCO095 (QM.SLQ004–010 family superseded by QM.SLQ052).
FM1-QM.SLQ008,Design Review Meeting Minutes Form DC.SLQ002 Phase 0,Form,document_control,A,QMSInProcess package,QMSInProcess/DC.SLQ002/FM1-QM.SLQ008 A Design Review Meeting Minutes Form DC.SLQ002 Phase 0.docx,,Obsolete,Design Control,Marked OBSOLETE by DCO095 (QM.SLQ004–010 family superseded by QM.SLQ052).
FM1-QM.SLQ009,Design VV Deviation Form,Form,document_control,A,Forms/Templates/Travelers (clean),"Forms, Templates, and Travelers/Forms/FM1-QM.SLQ009 A Design VV Deviation Form.docx",,Obsolete,Design Control,Marked OBSOLETE by DCO095 (QM.SLQ004–010 family superseded by QM.SLQ052).
FM1-QM.SLQ014,Electronic Signature Acknowledgement Form,Form,document_control,B,QMSInProcess package,QMSInProcess/DCO091/FM1-QM.SLQ014 B Electronic Signature Acknowledgement Form.docx,A,Released,Document & Records Control,
FM1-QM.SLQ015,SQ SA Survey Mfg,Form,document_control,B,QMSInProcess package,QMSInProcess/DCO092/FM1-QM.SLQ015 B SQ SA Survey Mfg.docx,A,Released,Quality Management System,
FM1-QM.SLQ016,CAPA Report Form,Form,document_control,A,QMSInProcess package,QMSInProcess/CAPA004/FM1-QM.SLQ016 A CAPA Report Form.docx,,Released,CAPA & Complaints,Rev B exists only as a redline (working artifact); released master is missing.
FM1-QM.SLQ017,Internal Quality Audit Schedule Form,Form,document_control,B,Forms/Templates/Travelers (clean),"Forms, Templates, and Travelers/Forms/FM1-QM.SLQ017 B Internal Quality Audit Schedule Form.docx",A,Released,Quality Management System,
FM1-QM.SLQ018,Management Review Meeting Minutes,Form,document_control,A,QMSInProcess package,QMSInProcess/DCO093/FM1-QM.SLQ018 A Management Review Meeting Minutes.docx,,Released,Management & Quality System,Rev B exists only as a redline (working artifact); released master is missing.
FM1-QM.SLQ020,Purchase Order Form,Form,document_control,B,Forms/Templates/Travelers (clean),"Forms, Templates, and Travelers/Forms/FM1-QM.SLQ020 B Purchase Order Form.docx",A,Released,Supplier & Purchasing,
FM1-QM.SLQ021,Product Complaint File,Form,document_control,B,Forms/Templates/Travelers (clean),"Forms, Templates, and Travelers/Forms/FM1-QM.SLQ021 B Product Complaint File.docx",A,Released,CAPA & Complaints,
FM1-QM.SLQ029,DHR Review and Approval Form,Form,document_control,A,Forms/Templates/Travelers (clean),"Forms, Templates, and Travelers/Forms/FM1-QM.SLQ029 A DHR Review and Approval Form.docx",,Released,Document & Records Control,
FM1-QM.SLQ030,Recall Report Submitted to FDA Form,Form,document_control,A,Forms/Templates/Travelers (clean),"Forms, Templates, and Travelers/Forms/FM1-QM.SLQ030 A Recall Report Submitted to FDA Form.docx",,Released,CAPA & Complaints,
FM1-QM.SLQ036,Sales Order Form,Form,document_control,A,Forms/Templates/Travelers (clean),"Forms, Templates, and Travelers/Forms/FM1-QM.SLQ036 A Sales Order Form.docx",,Released,Sales & Order Management,
FM1-QM.SLQ039,Basic Receiving Inspection Form,Form,document_control,B,Forms/Templates/Travelers (clean),"Forms, Templates, and Travelers/Forms/FM1-QM.SLQ039 B Basic Receiving Inspection Form.docx",A,Released,Production & Process,
FM1-QM.SLQ040,Nonconforming Material Report Form,Form,document_control,B,QMSInProcess package,QMSInProcess/DCO094/FM1-QM.SLQ040 B Nonconforming Material Report Form.docx,A,Released,CAPA & Complaints,
FM1-QM.SLQ043,Work Order Form,Form,document_control,A,Forms/Templates/Travelers (clean),"Forms, Templates, and Travelers/Forms/FM1-QM.SLQ043 A Work Order Form.docx",,Released,Production & Process,
FM1-QM.SLQ046,Shipping Request Form,Form,document_control,A,Forms/Templates/Travelers (clean),"Forms, Templates, and Travelers/Forms/FM1-QM.SLQ046 A Shipping Request Form.docx",,Released,Production & Process,
FM1-QM.SLQ050,Equipment Master List,Form,document_control,A,Forms/Templates/Travelers (clean),"Forms, Templates, and Travelers/Forms/FM1-QM.SLQ050 A Equipment Master List.xlsx",,Released,Equipment & Facilities,
FM1-QM.SLQ051,Environmental Monitoring Log,Form,document_control,A,Forms/Templates/Travelers (clean),"Forms, Templates, and Travelers/Forms/FM1-QM.SLQ051 A Environmental Monitoring Log.docx",,Released,Equipment & Facilities,
FM1-QM.SLQ052,Design Project Scope Form,Form,document_control,A,QMSInProcess package,QMSInProcess/DCO095/FM1-QM.SLQ052 A Design Project Scope Form.docx,,Released,Design Control,
FM2-QM.SLQ001,Authorized Approvers Form,Form,document_control,C,(none),,A,Released,Quality Management System,Current revision C known from the DCO log but NO physical file located. | No physical file for prior revision B (history gap).
FM2-QM.SLQ003,Employee Training Record,Form,document_control,B,Forms/Templates/Travelers (clean),"Forms, Templates, and Travelers/Forms/FM2-QM.SLQ003 B Employee Training Record.docx",A,Released,Training,
FM2-QM.SLQ015,SQ SA Survey Test Srvcs,Form,document_control,B,QMSInProcess package,QMSInProcess/DCO092/FM2-QM.SLQ015 B SQ SA Survey Test Srvcs.docx,A,Released,Quality Management System,
FM2-QM.SLQ017,Internal Quality Audit Checklist,Form,document_control,B,QMSInProcess package,QMSInProcess/DCO092/FM2-QM.SLQ017 B Internal Quality Audit Checklist.docx,A,Released,Quality Management System,
FM2-QM.SLQ030,FSCA Report Form,Form,document_control,A,Forms/Templates/Travelers (clean),"Forms, Templates, and Travelers/Forms/FM2-QM.SLQ030 A FSCA Report Form.docx",,Released,CAPA & Complaints,
FM2-QM.SLQ039,General Inspection Form,Form,document_control,A,Forms/Templates/Travelers (clean),"Forms, Templates, and Travelers/Forms/FM2-QM.SLQ039 A General Inspection Form.docx",,Released,Quality Management System,
FM2-QM.SLQ040,NCMR Log,Form,document_control,A,Forms/Templates/Travelers (clean),"Forms, Templates, and Travelers/Forms/FM2-QM.SLQ040 A NCMR Log.docx",,Released,CAPA & Complaints,
FM2-QM.SLQ050,Equipment Requirements Form,Form,document_control,A,Forms/Templates/Travelers (clean),"Forms, Templates, and Travelers/Forms/FM2-QM.SLQ050 A Equipment Requirements Form.docx",,Released,Equipment & Facilities,
FM2-QM.SLQ052,Design Change Assessment,Form,document_control,A,QMSInProcess package,QMSInProcess/DCO095/FM2-QM.SLQ052 Design Change Assessment.docx,,Released,Design Control,Filename omits a revision; inferred current rev A from the DCO log. | File has no parseable revision: FM2-QM.SLQ052 Design Change Assessment.docx
FM3-QM.SLQ015,Cat II Supplier Assessment Form,Form,document_control,A,Forms/Templates/Travelers (clean),"Forms, Templates, and Travelers/Forms/FM3-QM.SLQ015 A Cat II Supplier Assessment Form.docx",,Released,Supplier & Purchasing,
FM3-QM.SLQ017,Internal Quality Audit Final Report,Form,document_control,A,Forms/Templates/Travelers (clean),"Forms, Templates, and Travelers/Forms/FM3-QM.SLQ017 A Internal Quality Audit Final Report.docx",,Released,Quality Management System,
FM3-QM.SLQ030,Field Safety Notice Form,Form,document_control,A,Forms/Templates/Travelers (clean),"Forms, Templates, and Travelers/Forms/FM3-QM.SLQ030 A Field Safety Notice Form.docx",,Released,CAPA & Complaints,
FM3-QM.SLQ050,Equipment Service Log,Form,document_control,A,Forms/Templates/Travelers (clean),"Forms, Templates, and Travelers/Forms/FM3-QM.SLQ050 A Equipment Service Log.docx",,Released,Equipment & Facilities,
FM3-QM.SLQ052,Design Review Record,Form,document_control,A,QMSInProcess package,QMSInProcess/DCO095/FM3-QM.SLQ052 A Design Review Record.docx,,Released,Design Control,
FM4-QM.SLQ015,Supplier Re-Evaluation Form,Form,document_control,A,Forms/Templates/Travelers (clean),"Forms, Templates, and Travelers/Forms/FM4-QM.SLQ015 A Supplier Re-Evaluation Form.docx",,Released,Supplier & Purchasing,
FM4-QM.SLQ017,Certificate of Internal Audit,Form,document_control,A,Forms/Templates/Travelers (clean),"Forms, Templates, and Travelers/Forms/FM4-QM.SLQ017 A Certificate of Internal Audit.docx",,Released,Management & Quality System,
FM4-QM.SLQ030,Advisory and Recall Notices Distribution Log Form,Form,document_control,A,Forms/Templates/Travelers (clean),"Forms, Templates, and Travelers/Forms/FM4-QM.SLQ030 A Advisory and Recall Notices Distribution Log Form.docx",,Released,CAPA & Complaints,
FM4-QM.SLQ050,Unscheduled Maintenance-CAL Out of Tolerance Investigation Form,Form,document_control,B,QMSInProcess package,QMSInProcess/DCO094/FM4-QM.SLQ050 B Unscheduled Maintenance-CAL Out of Tolerance Investigation Form.docx,A,Released,Equipment & Facilities,
FM5-QM.SLQ015,Certificate of Audit Form,Form,document_control,A,Forms/Templates/Travelers (clean),"Forms, Templates, and Travelers/Forms/FM5-QM.SLQ015 A Certificate of Audit Form.docx",,Released,Quality Management System,
FM5-QM.SLQ017,Auditor Qualification Record,Form,document_control,A,Forms/Templates/Travelers (clean),"Forms, Templates, and Travelers/Forms/FM5-QM.SLQ017 A Auditor Qualification Record.docx",,Released,Quality Management System,
FM5-QM.SLQ050,Tag Out Information Form,Form,document_control,A,Forms/Templates/Travelers (clean),"Forms, Templates, and Travelers/Forms/FM5-QM.SLQ050 A Tag Out Information Form.docx",,Released,Equipment & Facilities,
FM6-QM.SLQ015,Approved Supplier List Form,Form,document_control,B,Forms/Templates/Travelers (clean),"Forms, Templates, and Travelers/Forms/FM6-QM.SLQ015 B Approved Supplier List Form.docx",A,Released,Supplier & Purchasing,
FM6-QM.SLQ050,Tag Out Tag,Form,document_control,A,Forms/Templates/Travelers (clean),"Forms, Templates, and Travelers/Forms/FM6-QM.SLQ050 A Tag Out Tag.docx",,Released,Equipment & Facilities,
FM7-QM.SLQ015,Supplier Assess Schedule Form,Form,document_control,B,QMSInProcess package,QMSInProcess/DCO092/FM7-QM.SLQ015 B Supplier Assess Schedule Form.docx,A,Released,Supplier & Purchasing,
FM8-QM.SLQ015,Supplier Correct Action Req Form,Form,document_control,A,Forms/Templates/Travelers (clean),"Forms, Templates, and Travelers/Forms/FM8-QM.SLQ015 A Supplier Correct Action Req Form.docx",,Released,Supplier & Purchasing,
L.SLQ001,ClearTract 2 Way Foley Catheter Brochure,SOP,records,A,DMR,DMR/L.SLQ001 A ClearTract 2 Way Foley Catheter Brochure.pdf,,Released,Quality Management System,
L.SLQ011,Silq ClearTract Brochure Bi-Fold,SOP,records,B,DMR,DMR/L.SLQ011 B Silq ClearTract Brochure Bi-Fold.pdf,A,Released,Quality Management System,
L.SLQ012,Silq ClearTract Brochure,SOP,records,B,DMR,DMR/L.SLQ012 B Silq ClearTract Brochure.pdf,A,Released,Quality Management System,
L.SLQ013,Silq ClearTract Flyer,SOP,records,A,DMR,DMR/L.SLQ013 A Silq ClearTract Flyer.pdf,,Released,Quality Management System,
MP-C.SLQ001,Manufacturing Procedure. Suspension Processing,SOP,records,B,DMR,DMR/MP-C.SLQ001 B Manufacturing Procedure. Suspension Processing.docx,A,Released,Production & Process,
OM.SLQ001,"Operations Manufacturing Procedure, Fume Hood",SOP,records,A,DMR,"DMR/OM.SLQ001 A Operations Manufacturing Procedure, Fume Hood.docx",,Released,Production & Process,
OM.SLQ002,"Quality Control Procedure, Surface Treatment Verification, Crystal Violet",SOP,records,A,DMR,"DMR/OM.SLQ002 A Quality Control Procedure, Surface Treatment Verification, Crystal Violet.docx",,Released,Design Control,
OM.SLQ003,"Quality Control Procedure, Crystal Violet Absorbance, Silq Surface Treatment",SOP,records,A,DMR,"DMR/OM.SLQ003 A Quality Control Procedure, Crystal Violet Absorbance, Silq Surface Treatment.docx",,Released,Quality Management System,File has no parseable revision: OM.SLQ003 SLQ05132026.docx | File has no parseable revision: OM.SLQ003 SLQ05132026.pdf
OM.SLQ004,"Quality Control Procedure, Coating Adherence Verification, Silq Surface Treatment",SOP,records,A,DMR,"DMR/OM.SLQ004 A Quality Control Procedure, Coating Adherence Verification, Silq Surface Treatment.docx",,Released,Design Control,File has no parseable revision: OM.SLQ004 SLQ05132026.docx | File has no parseable revision: OM.SLQ004 SLQ05132026.pdf
PS-0006,,SOP,records,,(none),,,Draft,Quality Management System,File has no parseable revision: PS-0006 Rev H_signed.pdf
QC-C.SLQ001,Quality Control Procedure Suspension Analysis,SOP,records,B,DMR,DMR/QC-C.SLQ001 B Quality Control Procedure Suspension Analysis.docx,A,Released,Quality Management System,
QC-E.SLQ015,"Quality Control Qualification Procedure, Jenway 7205 Spectrophotometer",SOP,records,A,DMR,"DMR/QC-E.SLQ015 A Quality Control Qualification Procedure, Jenway 7205 Spectrophotometer.docx",,Released,Quality Management System,
QM.SLQ001,Document Control SOP,SOP,document_control,B,QMSInProcess package,QMSInProcess/DCO091/QM.SLQ001 B Document Control SOP.docx,A,Released,Document & Records Control,
QM.SLQ002,Good Documentation Practices SOP,SOP,document_control,B,QM Documents (clean),QM Documents/QM.SLQ002 B Good Documentation Practices SOP.docx,A,Released,Document & Records Control,
QM.SLQ003,Employee Training SOP,SOP,document_control,C,QMSInProcess package,QMSInProcess/DCO092/QM.SLQ003 C Employee Training SOP.docx,A;B,Released,Training,
QM.SLQ004,Design Control Program SOP,SOP,document_control,B,QMSInProcess package,QMSInProcess/CAPA003/QM.SLQ004 B Design Control Program SOP.docx,,Obsolete,Design Control,Marked OBSOLETE by DCO095 (QM.SLQ004–010 family superseded by QM.SLQ052). | No physical file for prior revision A (history gap).
QM.SLQ005,Design Project Planning SOP,SOP,document_control,B,QM Documents (clean),QM Documents/QM.SLQ005 B Design Project Planning SOP.docx,A,Obsolete,Design Control,Marked OBSOLETE by DCO095 (QM.SLQ004–010 family superseded by QM.SLQ052).
QM.SLQ006,Design Input SOP,SOP,document_control,A,QM Documents (clean),QM Documents/QM.SLQ006 A Design Input SOP.docx,,Obsolete,Design Control,Marked OBSOLETE by DCO095 (QM.SLQ004–010 family superseded by QM.SLQ052).
QM.SLQ007,Design Output SOP,SOP,document_control,A,QM Documents (clean),QM Documents/QM.SLQ007 A Design Output SOP.docx,,Obsolete,Design Control,Marked OBSOLETE by DCO095 (QM.SLQ004–010 family superseded by QM.SLQ052).
QM.SLQ008,Design Review SOP,SOP,document_control,A,QM Documents (clean),QM Documents/QM.SLQ008 A Design Review SOP.docx,,Obsolete,Design Control,Marked OBSOLETE by DCO095 (QM.SLQ004–010 family superseded by QM.SLQ052).
QM.SLQ009,Design VV SOP,SOP,document_control,A,QM Documents (clean),QM Documents/QM.SLQ009 A Design VV SOP.docx,,Obsolete,Design Control,Marked OBSOLETE by DCO095 (QM.SLQ004–010 family superseded by QM.SLQ052).
QM.SLQ010,Design Transfer SOP,SOP,document_control,A,QM Documents (clean),QM Documents/QM.SLQ010 A Design Transfer SOP.docx,,Obsolete,Design Control,Marked OBSOLETE by DCO095 (QM.SLQ004–010 family superseded by QM.SLQ052).
QM.SLQ011,Statistical Techniques WI,WI,document_control,B,QMSInProcess package,QMSInProcess/DCO094/QM.SLQ011 B Statistical Techniques WI.docx,A,Released,Quality Management System,
QM.SLQ012,Risk Management SOP,SOP,document_control,C,QMSInProcess package,QMSInProcess/DCO093/QM.SLQ012 C Risk Management SOP.docx,B,Released,Risk Management,No physical file for prior revision A (history gap).
QM.SLQ013,Risk Analysis SOP,SOP,document_control,C,QMSInProcess package,QMSInProcess/DCO093/QM.SLQ013 C Risk Analysis SOP.docx,B,Released,Risk Management,No physical file for prior revision A (history gap).
QM.SLQ014,Electronic Doc System WI,WI,document_control,C,QMSInProcess package,QMSInProcess/DCO091/QM.SLQ014 C Electronic Doc System WI.docx,A;B,Released,Document & Records Control,
QM.SLQ015,Supplier QA SOP,SOP,document_control,C,QMSInProcess package,QMSInProcess/DCO092/QM.SLQ015 C Supplier QA SOP.docx,A;B,Released,Supplier & Purchasing,
QM.SLQ016,CAPA SOP,SOP,document_control,D,QMSInProcess package,QMSInProcess/DCO093/QM.SLQ016 D CAPA SOP.docx,A;B;C,Released,CAPA & Complaints,
QM.SLQ017,Internal Audits SOP,SOP,document_control,B,QMSInProcess package,QMSInProcess/DCO092/QM.SLQ017 B Internal Audits SOP.docx,A,Released,Management & Quality System,
QM.SLQ018,Management Review SOP,SOP,document_control,B,QMSInProcess package,QMSInProcess/DCO093/QM.SLQ018 B Management Review SOP.docx,A,Released,Management & Quality System,
QM.SLQ019,Identification and Traceability SOP,SOP,document_control,C,QM Documents (clean),QM Documents/QM.SLQ019 C Identification and Traceability SOP.docx,A;B,Released,Document & Records Control,
QM.SLQ020,Purchasing Controls SOP,SOP,document_control,E,QMSInProcess package,QMSInProcess/DCO092/QM.SLQ020 E Purchasing Controls SOP.docx,A;B;C;D,Released,Supplier & Purchasing,
QM.SLQ021,Product Complaint System SOP,SOP,document_control,E,QMSInProcess package,QMSInProcess/DCO093/QM.SLQ021 E Product Complaint System SOP.docx,A;B;C;D,Released,CAPA & Complaints,
QM.SLQ022,Medical Device Reporting,SOP,document_control,C,QMSInProcess package,QMSInProcess/DCO093/QM.SLQ022 C Medical Device Reporting.docx,B,Released,Post-Market & Regulatory,No physical file for prior revision A (history gap).
QM.SLQ023,eMDR Submission Work Instruction,WI,document_control,B,QMSInProcess package,QMSInProcess/DCO093/QM.SLQ023 B eMDR Submission Work Instruction.docx,A,Released,Post-Market & Regulatory,
QM.SLQ025,Quality Planning SOP,SOP,document_control,A,QM Documents (clean),QM Documents/QM.SLQ025 A Quality Planning SOP.DOCX,,Released,Management & Quality System,
QM.SLQ026,Part Number Assignment WI,WI,document_control,D,QMSInProcess package,QMSInProcess/DCO094/QM.SLQ026 D Part Number Assignment WI.docx,A;B;C,Released,Document & Records Control,
QM.SLQ027,Quality Manual,Manual,document_control,F,QMSInProcess package,QMSInProcess/DCO094/QM.SLQ027 F Quality Manual.docx,A;B;C;D;E,Released,Management & Quality System,
QM.SLQ028,Protection of Confidential Patient Information,SOP,document_control,B,QMSInProcess package,QMSInProcess/DCO093/QM.SLQ028 B Protection of Confidential Patient Information.docx,A,Released,Document & Records Control,
QM.SLQ029,DHR Review and Approval SOP,SOP,document_control,B,QMSInProcess package,QMSInProcess/DCO094/QM.SLQ029 B DHR Review and Approval SOP.docx,A,Released,Document & Records Control,
QM.SLQ030,Advisory Notices and Recalls SOP,SOP,document_control,B,QMSInProcess package,QMSInProcess/DCO093/QM.SLQ030 B Advisory Notices and Recalls SOP.docx,A,Released,CAPA & Complaints,
QM.SLQ032,Software Validation SOP,SOP,document_control,A,QM Documents (clean),QM Documents/QM.SLQ032 A Software Validation SOP.docx,,Released,Quality Management System,
QM.SLQ033,Post-Market Surveillance SOP,SOP,document_control,B,QMSInProcess package,QMSInProcess/DCO094/QM.SLQ033 B Post-Market Surveillance SOP.docx,A,Released,Post-Market & Regulatory,
QM.SLQ034,Organization Chart,SOP,document_control,G,QMSInProcess package,QMSInProcess/DCO088/QM.SLQ034 G Organization Chart.pdf,A;B;C;D;E;F,Released,Management & Quality System,
QM.SLQ035,Quality Policy,Policy,document_control,D,QM Documents (clean),QM Documents/QM.SLQ035 D Quality Policy .docx,A;B;C,Released,Management & Quality System,
QM.SLQ036,Sales Order SOP,SOP,document_control,F,QMSInProcess package,QMSInProcess/DCO092/QM.SLQ036 F Sales Order SOP.docx,A;B;C;D;E,Released,Sales & Order Management,
QM.SLQ037,Quality Objectives,SOP,document_control,B,QMSInProcess package,QMSInProcess/DCO094/QM.SLQ037 B Quality Objectives.docx,A,Released,Management & Quality System,
QM.SLQ038,Managing Regulatory Inspections,SOP,document_control,C,QMSInProcess package,QMSInProcess/DCO094/QM.SLQ038 C Managing Regulatory Inspections.docx,B,Released,Post-Market & Regulatory,No physical file for prior revision A (history gap).
QM.SLQ039,Receiving Inspection SOP,SOP,document_control,C,QMSInProcess package,QMSInProcess/DCO094/QM.SLQ039 C Receiving Inspection SOP.docx,A;B,Released,Production & Process,
QM.SLQ040,Nonconforming Materials SOP,SOP,document_control,C,QMSInProcess package,QMSInProcess/DCO094/QM.SLQ040 C Nonconforming Materials SOP.docx,A;B,Released,CAPA & Complaints,
QM.SLQ043,Work Order SOP,SOP,document_control,B,QMSInProcess package,QMSInProcess/DCO094/QM.SLQ043 B Work Order SOP.docx,A,Released,Production & Process,
QM.SLQ045,Receiving SOP,SOP,document_control,B,QMSInProcess package,QMSInProcess/DCO094/QM.SLQ045 B Receiving SOP.docx,A,Released,Production & Process,
QM.SLQ046,Shipping SOP,SOP,document_control,B,QMSInProcess package,QMSInProcess/DCO094/QM.SLQ046 B Shipping SOP.docx,A,Released,Production & Process,
QM.SLQ047,Process Validation SOP,SOP,document_control,B,QMSInProcess package,QMSInProcess/DCO094/QM.SLQ047 B Process Validation SOP.docx,A,Released,Production & Process,
QM.SLQ048,Device Master Record SOP,SOP,document_control,B,QMSInProcess package,QMSInProcess/DCO094/QM.SLQ048 B Device Master Record SOP.docx,A,Released,Production & Process,
QM.SLQ049,Workstation Practices SOP,SOP,document_control,B,QMSInProcess package,QMSInProcess/DCO094/QM.SLQ049 B Workstation Practices SOP.docx,A,Released,Production & Process,
QM.SLQ050,Calibration and Preventive Maintenance SOP,SOP,document_control,B,QMSInProcess package,QMSInProcess/DCO094/QM.SLQ050 B Calibration and Preventive Maintenance SOP.docx,A,Released,Equipment & Facilities,
QM.SLQ051,Environmental Monitoring,SOP,document_control,B,QMSInProcess package,QMSInProcess/DCO094/QM.SLQ051 B Environmental Monitoring.docx,A,Released,Equipment & Facilities,
QM.SLQ052,Design Control SOP,SOP,document_control,A,QMSInProcess package,QMSInProcess/DCO095/QM.SLQ052 A Design Control SOP.docx,,Released,Design Control,
RM-0018,Cover sheet,SOP,records,D,RiskManagement,RiskManagement/RM-0018 Rev D Cover sheet.docx,,Released,Quality Management System,"File has no parseable revision: RM-0018, Rev D_Risk Management Plan, SILQ Foley Catheter.docx | No physical file for prior revision A (history gap). | No physical file for prior revision B (history gap). | No physical file for prior revision C (history gap)."
RM-0019,Cover sheet,SOP,records,D,RiskManagement,RiskManagement/RM-0019  Rev D Cover sheet.docx,,Released,Quality Management System,"File has no parseable revision: RM-0019, Rev D_Hazard Analysis (HA) Risk Management Report, SILQ Foley Catheter.docx | No physical file for prior revision A (history gap). | No physical file for prior revision B (history gap). | No physical file for prior revision C (history gap)."
RM-0020,Cover sheet,SOP,records,D,RiskManagement,RiskManagement/RM-0020 Rev D Cover sheet.docx,,Released,Quality Management System,"File has no parseable revision: RM-0020 Rev D_DFMEA Risk Management Report, HDX Foley Catheter.docx | No physical file for prior revision A (history gap). | No physical file for prior revision B (history gap). | No physical file for prior revision C (history gap)."
RM-0094,,SOP,records,,(none),,,Draft,Quality Management System,"File has no parseable revision: RM-0094, Rev A_Risk Management, Production & Post-Production Review, SILQ.pdf"
SLQ-4000,,SOP,records,A,DCOs/Previous Revisions,DCOs/Previous Revisions/SP-L_PreviousRevisions/SLQ-4000_A.pdf,,Released,Quality Management System,
SLQ-4001,,SOP,records,A,DCOs/Previous Revisions,DCOs/Previous Revisions/SP-L_PreviousRevisions/SLQ-4001_A.pdf,,Released,Quality Management System,
SLQ-6000,"- Catheter, 14 Fr x 10 mL, Silicone, NY Foley, 2-Way",SOP,records,B,QMSInProcess package,"QMSInProcess/CAPA001/SLQ-6000_B - Catheter, 14 Fr x 10 mL, Silicone, NY Foley, 2-Way.pdf",,Released,Quality Management System,No physical file for prior revision A (history gap).
SLQ-6002,"- Catheter, 18 Fr x 10 mL, Silicone, NY Foley, 2-Way",SOP,records,B,QMSInProcess package,"QMSInProcess/CAPA001/SLQ-6002_B - Catheter, 18 Fr x 10 mL, Silicone, NY Foley, 2-Way.pdf",,Released,Quality Management System,No physical file for prior revision A (history gap).
SP-C.SLQ001,"Specification, Suspension",SOP,records,B,DMR,"DMR/SP-C.SLQ001 B Specification, Suspension.docx",A,Released,Quality Management System,
SP-C.SLQ002,"Source Control Specification, Label Stock, 4 in. x 6 in., White",SOP,records,A,DMR,"DMR/SP-C.SLQ002 A Source Control Specification, Label Stock, 4 in. x 6 in., White.docx",,Released,Quality Management System,
SP-C.SLQ003,"Source Control Specification, Drum, Plastic, 55 gallon, Closed Top",SOP,records,A,DMR,"DMR/SP-C.SLQ003 A Source Control Specification, Drum, Plastic, 55 gallon, Closed Top.docx",,Released,Quality Management System,
SP-E.SLQ001,"Source Control Specification, Portable Exchange Deionizer (PEDI) System",SOP,records,A,(none),,,Released,Quality Management System,Current revision A known from the DCO log but NO physical file located. | No physical file found in any scanned folder for this document.
SP-E.SLQ002,"Source Control Specification, High Purity Water Tank Assembly, 750 gallon",SOP,records,A,(none),,,Released,Quality Management System,Current revision A known from the DCO log but NO physical file located. | No physical file found in any scanned folder for this document.
SP-E.SLQ003,"Source Control Specification, Waste Diaphragm Pump",SOP,records,B,(none),,A,Released,Quality Management System,Current revision B known from the DCO log but NO physical file located.
SP-E.SLQ004,"Source Control Specification, Waste Tank Assembly, 500 gallon",SOP,records,A,(none),,,Released,Quality Management System,Current revision A known from the DCO log but NO physical file located. | No physical file found in any scanned folder for this document.
SP-E.SLQ006,"Source Control Specification, Diafiltration System, KrosFlo KTF-2000 System",SOP,records,B,(none),,A,Released,Quality Management System,Current revision B known from the DCO log but NO physical file located.
SP-E.SLQ007,"Source Control Specification, Pneumatic Drum Stirrer",SOP,records,A,(none),,,Released,Quality Management System,Current revision A known from the DCO log but NO physical file located. | No physical file found in any scanned folder for this document.
SP-E.SLQ008,"Source Control Specification, Fume Hood",SOP,records,C,(none),,A;B,Released,Quality Management System,Current revision C known from the DCO log but NO physical file located.
SP-E.SLQ009,"Source Control Specification, Concentrate Reactor",SOP,records,A,(none),,,Released,Quality Management System,Current revision A known from the DCO log but NO physical file located. | No physical file found in any scanned folder for this document.
SP-E.SLQ010,"Source Control Specification, Floor Scale, Concentrate Reactor",SOP,records,B,(none),,A,Released,Quality Management System,Current revision B known from the DCO log but NO physical file located.
SP-E.SLQ011,"Source Control Specification, Peristaltic Pump, Large Flow",SOP,records,B,(none),,A,Released,Quality Management System,Current revision B known from the DCO log but NO physical file located.
SP-E.SLQ012,"Source Control Specification, Floor Scale, Suspension",SOP,records,B,(none),,A,Released,Quality Management System,Current revision B known from the DCO log but NO physical file located.
SP-E.SLQ013,"Source Control Specification, Weighing Scale",SOP,records,B,(none),,A,Released,Quality Management System,Current revision B known from the DCO log but NO physical file located.
SP-E.SLQ014,"Source Control Specification, Temperature and Humidity Monitor",SOP,records,A,(none),,,Released,Quality Management System,Current revision A known from the DCO log but NO physical file located. | No physical file found in any scanned folder for this document.
SP-E.SLQ015,"Source Control Specification, Spectrophotometer, Jenway 7205 UV/Visible 72 Series Diode Array Scanning",SOP,records,A,(none),,,Released,Quality Management System,Current revision A known from the DCO log but NO physical file located. | No physical file found in any scanned folder for this document.
SP-E.SLQ016,"Source Control Specification, Freeze Dry System, 2.5 Liter",SOP,records,A,(none),,,Released,Quality Management System,Current revision A known from the DCO log but NO physical file located. | No physical file found in any scanned folder for this document.
SP-L.SLQ002,"Specification, Instructions for Use, ClearTract Catheter",SOP,records,B,DMR,"DMR/SP-L.SLQ002 B Specification, Instructions for Use, ClearTract Catheter.docx",A,Released,Quality Management System,
SP-L.SLQ003,"Specification, Artwork, Label, 2-way Cleartract 16 Fr x 10 ml Catheter, Pouch",SOP,records,B,DMR,"DMR/SP-L.SLQ003 B Specification, Artwork, Label, 2-way Cleartract 16 Fr x 10 ml Catheter, Pouch.docx",A,Released,Quality Management System,
SP-L.SLQ004,"Spec, Artwork, Label, 2-way Cleartract 16 Fr x 10 ml Catheter, Shipper Box",SOP,records,B,DMR,"DMR/SP-L.SLQ004 B Spec, Artwork, Label, 2-way Cleartract 16 Fr x 10 ml Catheter, Shipper Box.docx",A,Released,Quality Management System,
SP-L.SLQ005,"Specification, Artwork, Label, Suspension",SOP,records,A,DMR,"DMR/SP-L.SLQ005 A Specification, Artwork, Label, Suspension.docx",,Released,Quality Management System,
SP-L.SLQ006,"Specification, Artwork, Label, 2-way Cleartract 16 Fr x 10 ml Catheter, Carton",SOP,records,A,DCOs/Previous Revisions,"DCOs/Previous Revisions/SP-L_PreviousRevisions/SP-L.SLQ006 A Specification, Artwork, Label, 2-way Cleartract 16 Fr x 10 ml Catheter, Carton.docx",,Released,Quality Management System,
SP-L.SLQ007,"Specification, Instructions for Use, 2-Way ClearTract SPT Catheter",SOP,records,A,DMR,"DMR/SP-L.SLQ007/SP-L.SLQ007 A Specification, Instructions for Use, 2-Way ClearTract SPT Catheter.docx",,Released,Quality Management System,
SP-L.SLQ008,"Specification, Artwork, Label, Pouch, 2-Way ClearTract SPT Catheter",SOP,records,A,DMR,"DMR/SP-L.SLQ008/SP-L.SLQ008 A Specification, Artwork, Label, Pouch, 2-Way ClearTract SPT Catheter.docx",,Released,Quality Management System,
SP-L.SLQ009,"Specification, Artwork, Label, Carton, 2-Way ClearTract SPT Catheter",SOP,records,A,DMR,"DMR/SP-L.SLQ009/SP-L.SLQ009 A Specification, Artwork, Label, Carton, 2-Way ClearTract SPT Catheter.docx",,Released,Quality Management System,
SP-L.SLQ010,"Specification, Artwork, Label, Shipper Box, 2-Way ClearTract SPT Catheter",SOP,records,A,DMR,"DMR/SP-L.SLQ010/SP-L.SLQ010 A Specification, Artwork, Label, Shipper Box, 2-Way ClearTract SPT Catheter.docx",,Released,Quality Management System,
SP-M.SLQ001,"Source Control Specification, Polymeric Dispersion Soution, Unpurified",SOP,records,C,DMR,"DMR/SP-M.SLQ001 C Source Control Specification, Polymeric Dispersion Soution, Unpurified.docx",A;B,Released,Quality Management System,
SP-S.SLQ001,"Source Control Specification, High Purity Water",SOP,records,B,(none),,A,Released,Quality Management System,Current revision B known from the DCO log but NO physical file located.
SP-S.SLQ002,"Source Control Specification, Centrifuge Tube, 50mL, Polypropylene, Flat Cap",SOP,records,A,(none),,,Released,Quality Management System,Current revision A known from the DCO log but NO physical file located. | No physical file found in any scanned folder for this document.
SP-S.SLQ003,"Source Control Specification, Container, 8.5in x 18in x 6in",SOP,records,A,(none),,,Released,Quality Management System,Current revision A known from the DCO log but NO physical file located. | No physical file found in any scanned folder for this document.
SP-S.SLQ004,"Source Control Specification, Syringe, 10mL",SOP,records,A,(none),,,Released,Quality Management System,Current revision A known from the DCO log but NO physical file located. | No physical file found in any scanned folder for this document.
SP-S.SLQ005,"Source Control Specification, pH Strip",SOP,records,A,(none),,,Released,Quality Management System,Current revision A known from the DCO log but NO physical file located. | No physical file found in any scanned folder for this document.
SP-S.SLQ006,"Source Control Specification, Deuterium Oxide",SOP,records,B,(none),,A,Released,Quality Management System,Current revision B known from the DCO log but NO physical file located.
SP-S.SLQ007,"Source Control Specification, Bleach",SOP,records,A,(none),,,Released,Quality Management System,Current revision A known from the DCO log but NO physical file located. | No physical file found in any scanned folder for this document.
SP-S.SLQ008,"Source Control Specification, Crystal Violet",SOP,records,A,(none),,,Released,Quality Management System,Current revision A known from the DCO log but NO physical file located. | No physical file found in any scanned folder for this document.
SP-S.SLQ009,"Source Control Specification, Acetic Acid",SOP,records,A,(none),,,Released,Quality Management System,Current revision A known from the DCO log but NO physical file located. | No physical file found in any scanned folder for this document.
SP-S.SLQ010,"Source Control Specification, Glass Test Tubes",SOP,records,A,(none),,,Released,Quality Management System,Current revision A known from the DCO log but NO physical file located. | No physical file found in any scanned folder for this document.
SP-S.SLQ011,"Source Control Specification, UV Cuvette",SOP,records,A,(none),,,Released,Quality Management System,Current revision A known from the DCO log but NO physical file located. | No physical file found in any scanned folder for this document.
SP-TF.SLQ001,"Source Control Specification, VIS Photometric Accuracy Calibration Standards (400-700nm), HF -0.2",SOP,records,C,(none),,A;B,Released,Equipment & Facilities,Current revision C known from the DCO log but NO physical file located.
SW.SLQ001,"Software Validation Plan, FileHold",SOP,records,A,DHF,"DHF/Software/SW.SLQ001 A Software Validation Plan, FileHold.docx",,Released,Design Control,
SW.SLQ002,"Product Requirements Specification, FileHold",SOP,records,A,DHF,"DHF/Software/SW.SLQ002 A Product Requirements Specification, FileHold.docx",,Released,Quality Management System,
SW.SLQ003,"Software Verification Test Plan, FileHold",SOP,records,A,DHF,"DHF/Software/SW.SLQ003 A Software Verification Test Plan, FileHold.docx",,Released,Design Control,
SW.SLQ004,Software Verification Test Procedure FileHold,SOP,records,A,DHF,DHF/Software/SW.SLQ004 A Software Verification Test Procedure FileHold.docx,,Released,Design Control,
SW.SLQ005,"Software Validation Report, FileHold",SOP,records,A,DHF,"DHF/Software/SW.SLQ005 A Software Validation Report, FileHold.docx",,Released,Quality Management System,
SW.SLQ006,"Requirements Traceability Matrix, FileHold",SOP,records,A,DHF,"DHF/Software/SW.SLQ006 A Requirements Traceability Matrix, FileHold.docx",,Released,Design Control,
SW.SLQ007,"Software Validation Plan, Silq eQMS",SOP,records,A,QMSInProcess package,"QMSInProcess/DC.SLQ002/SW.SLQ007 A Software Validation Plan, Silq eQMS.docx",,Released,Design Control,
SW.SLQ008,Product Requirements Specification Silq eQMS,SOP,records,A,QMSInProcess package,QMSInProcess/DC.SLQ002/SW.SLQ008 A Product Requirements Specification Silq eQMS.docx,,Released,Quality Management System,
SW.SLQ009,"Software Verification Test Plan, SIlq eQMS",SOP,records,A,QMSInProcess package,"QMSInProcess/DC.SLQ002/SW.SLQ009 A Software Verification Test Plan, SIlq eQMS.docx",,Released,Design Control,
SW.SLQ010,Software Verification Test Procedure Silq eQMS,SOP,records,A,QMSInProcess package,QMSInProcess/DC.SLQ002/SW.SLQ010 A Software Verification Test Procedure Silq eQMS.docx,,Released,Design Control,
SW.SLQ011,Software Validation Report Silq eQMS,SOP,records,A,QMSInProcess package,QMSInProcess/DC.SLQ002/SW.SLQ011 A Software Validation Report Silq eQMS.docx,,Released,Quality Management System,
SW.SLQ012,Requirements Traceability Matrix Silq eQMS,SOP,records,A,QMSInProcess package,QMSInProcess/DC.SLQ002/SW.SLQ012 A Requirements Traceability Matrix Silq eQMS.docx,,Released,Design Control,
TMP1-QC-C.SLQ001,"Template, Suspension Quality Control Report",Template,records,B,Forms/Templates/Travelers (clean),"Forms, Templates, and Travelers/Templates/TMP1-QC-C.SLQ001 B Template, Suspension Quality Control Report.docx",A,Released,Quality Management System,
TMP1-QM.SLQ001,Controlled Document Template,Template,document_control,A,Forms/Templates/Travelers (clean),"Forms, Templates, and Travelers/Templates/TMP1-QM.SLQ001 A Controlled Document Template.docx",,Released,Quality Management System,
TMP1-QM.SLQ005,Design Project Plan Template,Template,document_control,A,Forms/Templates/Travelers (clean),"Forms, Templates, and Travelers/Templates/TMP1-QM.SLQ005 A Design Project Plan Template.docx",,Obsolete,Design Control,Marked OBSOLETE by DCO095 (QM.SLQ004–010 family superseded by QM.SLQ052).
TMP1-QM.SLQ006,User Needs Design Input Template,Template,document_control,A,Forms/Templates/Travelers (clean),"Forms, Templates, and Travelers/Templates/TMP1-QM.SLQ006 A User Needs Design Input Template.docx",,Obsolete,Design Control,Marked OBSOLETE by DCO095 (QM.SLQ004–010 family superseded by QM.SLQ052).
TMP1-QM.SLQ007,Source Control Specification Template,Template,document_control,A,Forms/Templates/Travelers (clean),"Forms, Templates, and Travelers/Templates/TMP1-QM.SLQ007 A Source Control Specification Template.docx",,Obsolete,Quality Management System,Marked OBSOLETE by DCO095 (QM.SLQ004–010 family superseded by QM.SLQ052).
TMP1-QM.SLQ009,Design VV Test Plan Template,Template,document_control,A,Forms/Templates/Travelers (clean),"Forms, Templates, and Travelers/Templates/TMP1-QM.SLQ009 A Design VV Test Plan Template.docx",,Obsolete,Design Control,Marked OBSOLETE by DCO095 (QM.SLQ004–010 family superseded by QM.SLQ052).
TMP1-QM.SLQ010,Clinical Transfer Checklist Template,Template,document_control,A,Forms/Templates/Travelers (clean),"Forms, Templates, and Travelers/Templates/TMP1-QM.SLQ010 A Clinical Transfer Checklist Template.docx",,Obsolete,Quality Management System,Marked OBSOLETE by DCO095 (QM.SLQ004–010 family superseded by QM.SLQ052).
TMP1-QM.SLQ012,Risk Management Plan Template,Template,document_control,B,Forms/Templates/Travelers (clean),"Forms, Templates, and Travelers/Templates/TMP1-QM.SLQ012 B Risk Management Plan Template.docx",,Released,Risk Management,No physical file for prior revision A (history gap).
TMP1-QM.SLQ013,Preliminary Hazard Analysis Template,Template,document_control,B,Forms/Templates/Travelers (clean),"Forms, Templates, and Travelers/Templates/TMP1-QM.SLQ013 B Preliminary Hazard Analysis Template.docx",,Released,Risk Management,No physical file for prior revision A (history gap).
TMP1-QM.SLQ021,"Template, Complaint Reponse Letter",Template,document_control,A,Forms/Templates/Travelers (clean),"Forms, Templates, and Travelers/Templates/TMP1-QM.SLQ021 A Template, Complaint Reponse Letter.docx",,Released,CAPA & Complaints,
TMP1-QM.SLQ045,Quarantine Label Template,Template,document_control,A,Forms/Templates/Travelers (clean),"Forms, Templates, and Travelers/Templates/TMP1-QM.SLQ045 A Quarantine Label Template.dymo",,Released,Quality Management System,
TMP1-QM.SLQ046,"Template, Packing List",Template,document_control,A,Forms/Templates/Travelers (clean),"Forms, Templates, and Travelers/Templates/TMP1-QM.SLQ046 A Template, Packing List.docx",,Released,Quality Management System,
TMP1-QM.SLQ052,"Design Input, Output, and Traceability Matrix",Template,document_control,A,QMSInProcess package,"QMSInProcess/DCO095/TMP1-QM.SLQ052 A Design Input, Output, and Traceability Matrix.docx",,Released,Design Control,
TMP2-QC-C.SLQ001,"Template, Certificate of Analysis, Suspension",Template,records,A,Forms/Templates/Travelers (clean),"Forms, Templates, and Travelers/Templates/TMP2-QC-C.SLQ001 A Template, Certificate of Analysis, Suspension.docx",,Released,Quality Management System,
TMP2-QM.SLQ006,Prod Reqmnts Design Input Template,Template,document_control,A,Forms/Templates/Travelers (clean),"Forms, Templates, and Travelers/Templates/TMP2-QM.SLQ006 A Prod Reqmnts Design Input Template.docx",,Obsolete,Design Control,Marked OBSOLETE by DCO095 (QM.SLQ004–010 family superseded by QM.SLQ052).
TMP2-QM.SLQ007,Design Input Output Matrix Template DC.SLQ001,Template,document_control,A,QMSInProcess package,QMSInProcess/DC.SLQ001/TMP2-QM.SLQ007 A Design Input Output Matrix Template DC.SLQ001.docx,,Obsolete,Design Control,Marked OBSOLETE by DCO095 (QM.SLQ004–010 family superseded by QM.SLQ052).
TMP2-QM.SLQ009,Design VV Protocol Template,Template,document_control,A,Forms/Templates/Travelers (clean),"Forms, Templates, and Travelers/Templates/TMP2-QM.SLQ009 A Design VV Protocol Template.docx",,Obsolete,Design Control,Marked OBSOLETE by DCO095 (QM.SLQ004–010 family superseded by QM.SLQ052).
TMP2-QM.SLQ010,Design Transfer Checklist Template,Template,document_control,A,Forms/Templates/Travelers (clean),"Forms, Templates, and Travelers/Templates/TMP2-QM.SLQ010 A Design Transfer Checklist Template.docx",,Obsolete,Design Control,Marked OBSOLETE by DCO095 (QM.SLQ004–010 family superseded by QM.SLQ052).
TMP2-QM.SLQ013,Hazards Analysis Table,Template,document_control,B,Forms/Templates/Travelers (clean),"Forms, Templates, and Travelers/Templates/TMP2-QM.SLQ013 B Hazards Analysis Table.xlsx",,Released,Risk Management,No physical file for prior revision A (history gap).
TMP2-QM.SLQ052,"V&V Plan, Protocol, and Report",Template,document_control,A,QMSInProcess package,"QMSInProcess/DCO095/TMP2-QM.SLQ052 A V&V Plan, Protocol, and Report.docx",,Released,Design Control,
TMP3-QM.SLQ009,Design VV Final Report Template,Template,document_control,A,QMSInProcess package,QMSInProcess/DC.SLQ001/TMP3-QM.SLQ009 A Design VV Final Report Template.docx,,Obsolete,Design Control,Marked OBSOLETE by DCO095 (QM.SLQ004–010 family superseded by QM.SLQ052).
TMP3-QM.SLQ013,FMEA Worksheet Template,Template,document_control,A,Forms/Templates/Travelers (clean),"Forms, Templates, and Travelers/Templates/TMP3-QM.SLQ013 A FMEA Worksheet Template.xlsx",,Released,Risk Management,
TR-C.SLQ001,Suspension Processing Traveler,Traveler,records,B,Forms/Templates/Travelers (clean),"Forms, Templates, and Travelers/Travelers/TR-C.SLQ001 B Suspension Processing Traveler.docx",A,Released,Production & Process,
VV.SLQ001,"Test Report, In-Vitro Bacterial Adhesion Comparative Study",SOP,records,A,DHF,"DHF/VV.SLQ001 A Test Report, In-Vitro Bacterial Adhesion Comparative Study.docx",,Released,Quality Management System,
VV.SLQ002,"Test Protocol, Crystal Violet Absorbance, Silq Surface Treatment",SOP,records,A,DHF,"DHF/VV.SLQ002 A Test Protocol, Crystal Violet Absorbance, Silq Surface Treatment.docx",,Released,Quality Management System,
VV.SLQ003,"Test Protocol, Coating Adherence Verification, Silq Surface Treatment",SOP,records,A,DHF,"DHF/VV.SLQ003 A Test Protocol, Coating Adherence Verification, Silq Surface Treatment.docx",,Released,Design Control,
VV.SLQ004,"Test Protocol, Lubricity Durability Study, Silq Surface Treatment",SOP,records,A,DHF,"DHF/VV.SLQ004 A Test Protocol, Lubricity Durability Study, Silq Surface Treatment.docx",,Released,Quality Management System,
VV.SLQ005,"Test Report, Crystal Violet Absorbance, Silq Surface Treatment",SOP,records,A,DHF,"DHF/VV.SLQ005 A Test Report, Crystal Violet Absorbance, Silq Surface Treatment.docx",,Released,Quality Management System,
VV.SLQ006,"Test Report, Coating Adherence Verification, Silq Surface Treatment",SOP,records,A,DHF,"DHF/VV.SLQ006 A Test Report, Coating Adherence Verification, Silq Surface Treatment.docx",,Released,Design Control,
VV.SLQ007,"Test Report, Lubricity Durability Study, Silq Surface Treatment",SOP,records,A,DHF,"DHF/VV.SLQ007 A Test Report, Lubricity Durability Study, Silq Surface Treatment.docx",,Released,Quality Management System,
VV.SLQ008,"Test Protocol, Saline Soak Stability Experiment, Silq Surface Treatment",SOP,records,A,DHF,"DHF/VV.SLQ008 A Test Protocol, Saline Soak Stability Experiment, Silq Surface Treatment.docx",,Released,Quality Management System,
VV.SLQ009,"Test Report, Saline Soak Stability Experiment, Silq Surface Treatment",SOP,records,A,DHF,"DHF/VV.SLQ009 A Test Report, Saline Soak Stability Experiment, Silq Surface Treatment.docx",,Released,Quality Management System,
VV.SLQ010,"Master Validation Plan, Suspension",SOP,records,A,DHF,"DHF/VV.SLQ010 A Master Validation Plan, Suspension.docx",,Released,Design Control,
VV.SLQ011,"Installation Qualification Protocol, Diafiltration System",SOP,records,A,DHF,"DHF/VV.SLQ011 A Installation Qualification Protocol, Diafiltration System.docx",,Released,Quality Management System,
VV.SLQ012,"Installation Qualification Protocol, Peristaltic Pump",SOP,records,A,DCOs/Previous Revisions,"DCOs/Previous Revisions/V&V_PreviousRevisions/VV.SLQ012 A Installation Qualification Protocol, Peristaltic Pump.docx",,Released,Quality Management System,
VV.SLQ013,"Installation Qualification Protocol, Pneumatic Drum Stirrer",SOP,records,A,DHF,"DHF/VV.SLQ013 A Installation Qualification Protocol, Pneumatic Drum Stirrer.docx",,Released,Quality Management System,
VV.SLQ014,"Installation Qualification Protocol, Waste Diaphragm Pump",SOP,records,A,DCOs/Previous Revisions,"DCOs/Previous Revisions/V&V_PreviousRevisions/VV.SLQ014 A Installation Qualification Protocol, Waste Diaphragm Pump.docx",,Released,Quality Management System,
VV.SLQ015,"Installation Qualification Protocol, Floor Scale, Concentrate Reactor",SOP,records,A,DCOs/Previous Revisions,"DCOs/Previous Revisions/V&V_PreviousRevisions/VV.SLQ015 A Installation Qualification Protocol, Floor Scale, Concentrate Reactor.docx",,Released,Quality Management System,
VV.SLQ016,"Installation Qualification Protocol, Floor Scale, Suspension",SOP,records,A,DCOs/Previous Revisions,"DCOs/Previous Revisions/V&V_PreviousRevisions/VV.SLQ016 A Installation Qualification Protocol, Floor Scale, Suspension.docx",,Released,Quality Management System,
VV.SLQ017,"Installation Qualification Protocol, Weighing Scale",SOP,records,A,DCOs/Previous Revisions,"DCOs/Previous Revisions/V&V_PreviousRevisions/VV.SLQ017 A Installation Qualification Protocol, Weighing Scale.docx",,Released,Quality Management System,
VV.SLQ018,"Product Performance Qualification Report, Suspension",SOP,records,A,DHF,"DHF/VV.SLQ018 A Product Performance Qualification Report, Suspension.docx",,Released,Quality Management System,
VV.SLQ019,"Report, Installation Qualification, Diafiltration System, ST-005",SOP,records,A,DHF,"DHF/VV.SLQ019 A Report, Installation Qualification, Diafiltration System, ST-005.docx",,Released,Quality Management System,
VV.SLQ020,"Report, Installation Qualification, Peristaltic Pump, ST-008",SOP,records,A,DHF,"DHF/VV.SLQ020 A Report, Installation Qualification, Peristaltic Pump, ST-008.docx",,Released,Quality Management System,
VV.SLQ021,"Report, Installation Qualification, Pnuematic Drum Stirrer, ST-009",SOP,records,A,DHF,"DHF/VV.SLQ021 A Report, Installation Qualification, Pnuematic Drum Stirrer, ST-009.docx",,Released,Quality Management System,
VV.SLQ022,"Report, Installation Qualification, Waste Diaphragm Pump, ST-004",SOP,records,A,DHF,"DHF/VV.SLQ022 A Report, Installation Qualification, Waste Diaphragm Pump, ST-004.docx",,Released,Quality Management System,
VV.SLQ023,"Report, Installation Qualification, Floor Scale, Concentrate Reactor, ST-006",SOP,records,A,DHF,"DHF/VV.SLQ023 A Report, Installation Qualification, Floor Scale, Concentrate Reactor, ST-006.docx",,Released,Quality Management System,
VV.SLQ024,"Report, Installation Qualification, Floor Scale, Suspension, ST-007",SOP,records,A,DHF,"DHF/VV.SLQ024 A Report, Installation Qualification, Floor Scale, Suspension, ST-007.docx",,Released,Quality Management System,
VV.SLQ025,"Report, Installation Qualification, Weighing Scale, ST-012",SOP,records,A,DHF,"DHF/VV.SLQ025 A Report, Installation Qualification, Weighing Scale, ST-012.docx",,Released,Quality Management System,
VV.SLQ026,"Installation Qualification Protocol, UV-Visible Spectrophotometer",SOP,records,A,DHF,"DHF/VV.SLQ026 A Installation Qualification Protocol, UV-Visible Spectrophotometer.docx",,Released,Quality Management System,
VV.SLQ028,"Test Protocol, Suspension Shelf Life Evaluation, Silq Surface Treatment",SOP,records,B,DHF,"DHF/VV.SLQ028 B Test Protocol, Suspension Shelf Life Evaluation, Silq Surface Treatment.docx",A,Released,Quality Management System,
VV.SLQ029,"Test Report, Suspension Shelf Life Evaluation, 2 Year Aged, Silq Surface Treatment",SOP,records,A,DHF,"DHF/VV.SLQ029 A Test Report, Suspension Shelf Life Evaluation, 2 Year Aged, Silq Surface Treatment.docx",,Released,Quality Management System,
WC.SLQ001-0,Web Site Home Page,SOP,records,A,(none),,,Released,Quality Management System,Current revision A known from the DCO log but NO physical file located. | No physical file found in any scanned folder for this document.
WC.SLQ001-1,Product Information,SOP,records,A,(none),,,Released,Quality Management System,Current revision A known from the DCO log but NO physical file located. | No physical file found in any scanned folder for this document.
WC.SLQ001-2,Video Transcript Silq Technology Overview,SOP,records,A,(none),,,Released,Quality Management System,Current revision A known from the DCO log but NO physical file located. | No physical file found in any scanned folder for this document.
WC.SLQ002-0,Biofilm Resistance Technology,SOP,records,A,(none),,,Released,Quality Management System,Current revision A known from the DCO log but NO physical file located. | No physical file found in any scanned folder for this document.
WC.SLQ002-1,Biocompatble Technology,SOP,records,A,(none),,,Released,Quality Management System,Current revision A known from the DCO log but NO physical file located. | No physical file found in any scanned folder for this document.
WC.SLQ002-2,Anti-thrombogenic Technology,SOP,records,A,(none),,,Released,Quality Management System,Current revision A known from the DCO log but NO physical file located. | No physical file found in any scanned folder for this document.
WC.SLQ002-3,Low Coefficient of Friction Technology,SOP,records,A,(none),,,Released,Quality Management System,Current revision A known from the DCO log but NO physical file located. | No physical file found in any scanned folder for this document.
