"Folder","FileName","Extension","SizeKB","LastModified"
"CAPA, NCMR, PCF Logs","NCMR-0001.pdf",".pdf","14623.1","2026-03-10"
"CAPA, NCMR, PCF Logs","Silq CAPA Log.pdf",".pdf","282.8","2026-04-21"
"CAPA, NCMR, PCF Logs","Silq Complaints and Reportable Events Log.pdf",".pdf","368.3","2026-04-21"
"CAPA, NCMR, PCF Logs\CAPA 001-2025","(CAPA001) NCR-25-079 SLQ-211610SPT Phase 1 - signed.pdf",".pdf","313","2026-01-07"
"CAPA, NCMR, PCF Logs\CAPA 001-2025","(CAPA001) NCR-25-079 SLQ-211610SPT Phase 2,3- signed.pdf",".pdf","2066.1","2026-01-07"
"CAPA, NCMR, PCF Logs\CAPA 001-2025","CAPA 001-2025.docx",".docx","609.1","2026-04-15"
"CAPA, NCMR, PCF Logs\CAPA 001-2025","CAPA 001-2025.pdf",".pdf","877.7","2026-04-15"
"CAPA, NCMR, PCF Logs\CAPA 001-2025","SLQ-6000_B - Catheter, 14 Fr x 10 mL, Silicone, NY Foley, 2-Way.pdf",".pdf","96.8","2026-03-31"
"CAPA, NCMR, PCF Logs\CAPA 001-2025","SLQ-6002_B - Catheter, 18 Fr x 10 mL, Silicone, NY Foley, 2-Way.pdf",".pdf","115.4","2026-03-31"
"CAPA, NCMR, PCF Logs\CAPA 001-2025","SLQ-6004_B-Catheter, 16 Fr x 10 mL, Silicone, NY Foley, 2-Way.pdf",".pdf","99.3","2026-03-31"
"Chico Facility Referenced Docs","MP-C.SLQ001 B Manufacturing Procedure. Suspension Processing.docx",".docx","16312.1","2026-03-31"
"Chico Facility Referenced Docs","OM.SLQ001 A Operations Manufacturing Procedure, Fume Hood.docx",".docx","151","2026-03-31"
"Chico Facility Referenced Docs","QM.SLQ046 A Shipping SOP.docx",".docx","155.3","2026-03-10"
"Chico Facility Referenced Docs","QM.SLQ051 A Environmental Monitoring.docx",".docx","157.4","2026-03-10"
"Chico Facility Referenced Docs","SP-L.SLQ005 A Specification, Artwork, Label, Suspension.docx",".docx","285","2026-03-31"
"Chico Facility Referenced Docs\V&V Protocols & Reports","VV.SLQ010 A Master Validation Plan, Suspension.docx",".docx","328.2","2026-03-10"
"Chico Facility Referenced Docs\V&V Protocols & Reports","VV.SLQ011 A Installation Qualification Protocol, Diafiltration System.docx",".docx","331.2","2026-03-10"
"Chico Facility Referenced Docs\V&V Protocols & Reports","VV.SLQ012 A Installation Qualification Protocol, Peristaltic Pump.docx",".docx","331.4","2026-03-10"
"Chico Facility Referenced Docs\V&V Protocols & Reports","VV.SLQ013 A Installation Qualification Protocol, Pneumatic Drum Stirrer.docx",".docx","330.9","2026-03-10"
"Chico Facility Referenced Docs\V&V Protocols & Reports","VV.SLQ014 A Installation Qualification Protocol, Waste Diaphragm Pump.docx",".docx","331.3","2026-03-10"
"Chico Facility Referenced Docs\V&V Protocols & Reports","VV.SLQ015 A Installation Qualification Protocol, Floor Scale, Concentrate Reactor.docx",".docx","331.5","2026-03-10"
"Chico Facility Referenced Docs\V&V Protocols & Reports","VV.SLQ016 A Installation Qualification Protocol, Floor Scale, Suspension.docx",".docx","331.7","2026-03-10"
"Chico Facility Referenced Docs\V&V Protocols & Reports","VV.SLQ017 A Installation Qualification Protocol, Weighing Scale.docx",".docx","331.6","2026-03-10"
"Chico Facility Referenced Docs\V&V Protocols & Reports","VV.SLQ019 A Report, Installation Qualification, Diafiltration System, ST-005.docx",".docx","323.5","2026-03-10"
"Chico Facility Referenced Docs\V&V Protocols & Reports","VV.SLQ020 A Report, Installation Qualification, Peristaltic Pump, ST-008.docx",".docx","320.8","2026-03-10"
"Chico Facility Referenced Docs\V&V Protocols & Reports","VV.SLQ021 A Report, Installation Qualification, Pnuematic Drum Stirrer, ST-009.docx",".docx","320.7","2026-03-10"
"Chico Facility Referenced Docs\V&V Protocols & Reports","VV.SLQ022 A Report, Installation Qualification, Waste Diaphragm Pump, ST-004.docx",".docx","321","2026-03-10"
"Chico Facility Referenced Docs\V&V Protocols & Reports","VV.SLQ023 A Report, Installation Qualification, Floor Scale, Concentrate Reactor, ST-006.docx",".docx","321.1","2026-03-10"
"Chico Facility Referenced Docs\V&V Protocols & Reports","VV.SLQ024 A Report, Installation Qualification, Floor Scale, Suspension, ST-007.docx",".docx","321","2026-03-10"
"DC.SLQ001 (In Process)","DC.SLQ001 A Design Project Plan.docx",".docx","261.3","2026-04-23"
"DC.SLQ001 (In Process)","DCO089.docx",".docx","262.8","2026-04-23"
"DC.SLQ001 (In Process)","FM1-QM.SLQ004 A Design Project Scope Form DC.SLQ001.docx",".docx","274.9","2026-04-15"
"DC.SLQ001 (In Process)","Risk Management Review Confirmation Memo — DC.SLQ001.docx",".docx","264.2","2026-04-17"
"DC.SLQ001 (In Process)","TMP2-QM.SLQ007 A Design Input Output Matrix Template DC.SLQ001.docx",".docx","255.9","2026-04-23"
"DC.SLQ002 (In Process)","DC.SLQ002 A Design Project Plan, SilqQMS EDMS Transition.docx",".docx","260.5","2026-04-21"
"DC.SLQ002 (In Process)","Executed Design Project Scope Form DC.SLQ002 BM_CT signed.pdf",".pdf","787.8","2026-04-17"
"DCOs","Silq DCO Log.pdf",".pdf","348.7","2026-04-23"
"DCOs","Silq Document Number Log.pdf",".pdf","718","2026-04-21"
"DCOs\DCO Forms","DCO001.docx",".docx","68.8","2026-03-31"
"DCOs\DCO Forms","DCO002.docx",".docx","72.9","2026-03-31"
"DCOs\DCO Forms","DCO003.docx",".docx","71.8","2026-03-31"
"DCOs\DCO Forms","DCO004.docx",".docx","71.9","2026-03-31"
"DCOs\DCO Forms","DCO005.docx",".docx","65","2026-03-31"
"DCOs\DCO Forms","DCO006.docx",".docx","67.9","2026-03-31"
"DCOs\DCO Forms","DCO007.docx",".docx","81.6","2026-03-31"
"DCOs\DCO Forms","DCO008.docx",".docx","258.7","2026-03-31"
"DCOs\DCO Forms","DCO009.docx",".docx","262.9","2026-03-31"
"DCOs\DCO Forms","DCO010.docx",".docx","259.1","2026-03-31"
"DCOs\DCO Forms","DCO011.docx",".docx","259.5","2026-03-31"
"DCOs\DCO Forms","DCO012.docx",".docx","259.9","2026-03-31"
"DCOs\DCO Forms","DCO013.docx",".docx","263.6","2026-03-31"
"DCOs\DCO Forms","DCO014.docx",".docx","261","2026-03-31"
"DCOs\DCO Forms","DCO015.docx",".docx","259.9","2026-03-31"
"DCOs\DCO Forms","DCO016.docx",".docx","260.1","2026-03-31"
"DCOs\DCO Forms","DCO017.docx",".docx","259.3","2026-03-31"
"DCOs\DCO Forms","DCO018.docx",".docx","259.9","2026-03-31"
"DCOs\DCO Forms","DCO019.docx",".docx","259.6","2026-03-31"
"DCOs\DCO Forms","DCO020.docx",".docx","259.1","2026-03-31"
"DCOs\DCO Forms","DCO021.docx",".docx","259.6","2026-03-31"
"DCOs\DCO Forms","DCO022.docx",".docx","259.3","2026-03-31"
"DCOs\DCO Forms","DCO023.docx",".docx","260.6","2026-03-31"
"DCOs\DCO Forms","DCO024.docx",".docx","259.5","2026-03-31"
"DCOs\DCO Forms","DCO025.docx",".docx","261.6","2026-03-31"
"DCOs\DCO Forms","DCO026.docx",".docx","261.7","2026-03-31"
"DCOs\DCO Forms","DCO027.docx",".docx","262.4","2026-03-31"
"DCOs\DCO Forms","DCO028.docx",".docx","259.5","2026-03-31"
"DCOs\DCO Forms","DCO029.docx",".docx","259.3","2026-03-31"
"DCOs\DCO Forms","DCO030.docx",".docx","259.5","2026-03-31"
"DCOs\DCO Forms","DCO031.docx",".docx","259.5","2026-03-31"
"DCOs\DCO Forms","DCO032.docx",".docx","261.4","2026-03-31"
"DCOs\DCO Forms","DCO033.docx",".docx","261","2026-03-31"
"DCOs\DCO Forms","DCO034.docx",".docx","261.1","2026-03-31"
"DCOs\DCO Forms","DCO035.docx",".docx","260.7","2026-03-31"
"DCOs\DCO Forms","DCO036.docx",".docx","259.6","2026-03-31"
"DCOs\DCO Forms","DCO037.docx",".docx","259.5","2026-03-31"
"DCOs\DCO Forms","DCO038.docx",".docx","260.5","2026-03-31"
"DCOs\DCO Forms","DCO039.docx",".docx","261.9","2026-03-31"
"DCOs\DCO Forms","DCO040.docx",".docx","259.9","2026-03-31"
"DCOs\DCO Forms","DCO041.docx",".docx","259.9","2026-03-31"
"DCOs\DCO Forms","DCO042A.docx",".docx","259.7","2026-03-31"
"DCOs\DCO Forms","DCO043A.docx",".docx","260.4","2026-03-31"
"DCOs\DCO Forms","DCO044.docx",".docx","259.7","2026-03-31"
"DCOs\DCO Forms","DCO045.docx",".docx","259.8","2026-03-31"
"DCOs\DCO Forms","DCO046.docx",".docx","259.9","2026-03-31"
"DCOs\DCO Forms","DCO046A.docx",".docx","260","2026-03-31"
"DCOs\DCO Forms","DCO047.docx",".docx","259.5","2026-03-31"
"DCOs\DCO Forms","DCO048.docx",".docx","259.2","2026-03-31"
"DCOs\DCO Forms","DCO049.docx",".docx","259.4","2026-03-31"
"DCOs\DCO Forms","DCO050.docx",".docx","259.5","2026-03-31"
"DCOs\DCO Forms","DCO051.docx",".docx","261.1","2026-03-31"
"DCOs\DCO Forms","DCO052.docx",".docx","261.4","2026-03-31"
"DCOs\DCO Forms","DCO053B.docx",".docx","262.4","2026-03-31"
"DCOs\DCO Forms","DCO054.docx",".docx","260.6","2026-03-31"
"DCOs\DCO Forms","DCO055.docx",".docx","259.9","2026-03-31"
"DCOs\DCO Forms","DCO056.docx",".docx","259.8","2026-03-31"
"DCOs\DCO Forms","DCO057.docx",".docx","259.9","2026-03-31"
"DCOs\DCO Forms","DCO058.docx",".docx","260.6","2026-03-31"
"DCOs\DCO Forms","DCO059.docx",".docx","261","2026-03-31"
"DCOs\DCO Forms","DCO060.docx",".docx","259.9","2026-03-31"
"DCOs\DCO Forms","DCO061.docx",".docx","261","2026-03-31"
"DCOs\DCO Forms","DCO062.docx",".docx","260.5","2026-03-31"
"DCOs\DCO Forms","DCO063A.docx",".docx","260.3","2026-03-31"
"DCOs\DCO Forms","DCO064.docx",".docx","260.3","2026-03-31"
"DCOs\DCO Forms","DCO065.docx",".docx","262","2026-03-31"
"DCOs\DCO Forms","DCO066.docx",".docx","260.5","2026-03-31"
"DCOs\DCO Forms","DCO067.docx",".docx","260.2","2026-03-31"
"DCOs\DCO Forms","DCO068.docx",".docx","260.9","2026-03-31"
"DCOs\DCO Forms","DCO069.docx",".docx","260.9","2026-03-31"
"DCOs\DCO Forms","DCO070.docx",".docx","264.1","2026-03-31"
"DCOs\DCO Forms","DCO071.docx",".docx","260.2","2026-03-31"
"DCOs\DCO Forms","DCO072.docx",".docx","260.7","2026-03-31"
"DCOs\DCO Forms","DCO073.docx",".docx","260.8","2026-03-31"
"DCOs\DCO Forms","DCO074.docx",".docx","260.7","2026-03-31"
"DCOs\DCO Forms","DCO075.docx",".docx","260.6","2026-03-31"
"DCOs\DCO Forms","DCO076.docx",".docx","260.1","2026-03-31"
"DCOs\DCO Forms","DCO077B (2).docx",".docx","260.7","2026-03-31"
"DCOs\DCO Forms","DCO077B.docx",".docx","260.7","2026-03-31"
"DCOs\DCO Forms","DCO078.docx",".docx","260.2","2026-03-31"
"DCOs\DCO Forms","DCO079.docx",".docx","260.4","2026-03-31"
"DCOs\DCO Forms","DCO080.docx",".docx","260.4","2026-03-31"
"DCOs\DCO Forms","DCO081.docx",".docx","260.2","2026-03-31"
"DCOs\DCO Forms","DCO082.docx",".docx","260.1","2026-03-31"
"DCOs\DCO Forms","DCO083.docx",".docx","260.6","2026-03-31"
"DCOs\DCO Forms","DCO084.docx",".docx","262.2","2026-03-31"
"DCOs\DCO Forms","DCO085.docx",".docx","263.2","2026-03-31"
"DCOs\DCO Forms","DCO086.docx",".docx","262","2026-03-31"
"DCOs\DCO Forms","DCO087.docx",".docx","262.7","2026-03-31"
"DCOs\DCO Forms","DCO088.docx",".docx","262.2","2026-04-21"
"DCOs\DCO Forms","DCO089.docx",".docx","263.2","2026-04-21"
"DHF Validations","VV.SLQ001 A Test Report, In-Vitro Bacterial Adhesion Comparative Study.docx",".docx","347.8","2026-03-10"
"DHF Validations","VV.SLQ002 A Test Protocol, Crystal Violet Absorbance, Silq Surface Treatment.docx",".docx","322.7","2026-03-10"
"DHF Validations","VV.SLQ003 A Test Protocol, Coating Adherence Verification, Silq Surface Treatment.docx",".docx","321","2026-03-10"
"DHF Validations","VV.SLQ004 A Test Protocol, Lubricity Durability Study, Silq Surface Treatment.docx",".docx","506.1","2026-03-10"
"DHF Validations","VV.SLQ005 A Test Report, Crystal Violet Absorbance, Silq Surface Treatment.docx",".docx","324","2026-03-10"
"DHF Validations","VV.SLQ006 A Test Report, Coating Adherence Verification, Silq Surface Treatment.docx",".docx","322.5","2026-03-10"
"DHF Validations","VV.SLQ007 A Attachment 1 Test Report, Lubricity Durability Study, Silq Surface Treatment.xlsx",".xlsx","12.8","2026-03-10"
"DHF Validations","VV.SLQ007 A Test Report, Lubricity Durability Study, Silq Surface Treatment.docx",".docx","338.2","2026-03-10"
"DHF Validations","VV.SLQ008 A Test Protocol, Saline Soak Stability Experiment, Silq Surface Treatment.docx",".docx","326.7","2026-03-10"
"DHF Validations","VV.SLQ009 A Attachment 1 - Absorbance Results, Saline Soak Stability Experiment.xlsx",".xlsx","12.3","2026-03-10"
"DHF Validations","VV.SLQ009 A Test Report, Saline Soak Stability Experiment, Silq Surface Treatment.docx",".docx","326.6","2026-03-10"
"DHF Validations","VV.SLQ010 A Master Validation Plan, Suspension.docx",".docx","328.2","2026-03-10"
"DHF Validations","VV.SLQ011 A Installation Qualification Protocol, Diafiltration System.docx",".docx","331.2","2026-03-10"
"DHF Validations","VV.SLQ012 A Installation Qualification Protocol, Peristaltic Pump.docx",".docx","331.4","2026-03-10"
"DHF Validations","VV.SLQ013 A Installation Qualification Protocol, Pneumatic Drum Stirrer.docx",".docx","330.9","2026-03-10"
"DHF Validations","VV.SLQ014 A Installation Qualification Protocol, Waste Diaphragm Pump.docx",".docx","331.3","2026-03-10"
"DHF Validations","VV.SLQ015 A Installation Qualification Protocol, Floor Scale, Concentrate Reactor.docx",".docx","331.5","2026-03-10"
"DHF Validations","VV.SLQ016 A Installation Qualification Protocol, Floor Scale, Suspension.docx",".docx","331.7","2026-03-10"
"DHF Validations","VV.SLQ017 A Installation Qualification Protocol, Weighing Scale.docx",".docx","331.6","2026-03-10"
"DHF Validations","VV.SLQ019 A Attachment 1 - Installation Qualification datasheet.pdf",".pdf","2728.5","2026-03-10"
"DHF Validations","VV.SLQ019 A Attachment 2 - Users Manual.pdf",".pdf","2333.6","2026-03-10"
"DHF Validations","VV.SLQ019 A Attachment 3 - PM Calibration Report.pdf",".pdf","2839.2","2026-03-10"
"DHF Validations","VV.SLQ019 A Attachment 4 - Calibration and PM Requirements.pdf",".pdf","853.3","2026-03-10"
"DHF Validations","VV.SLQ019 A Report, Installation Qualification, Diafiltration System, ST-005.docx",".docx","323.5","2026-03-10"
"DHF Validations","VV.SLQ020 A Attachment 1 - Installation Qualification datasheet.pdf",".pdf","2669.9","2026-03-10"
"DHF Validations","VV.SLQ020 A Attachment 2 - Users Manual.pdf",".pdf","1171","2026-03-10"
"DHF Validations","VV.SLQ020 A Attachment 3 - PM Requirements.pdf",".pdf","851.5","2026-03-10"
"DHF Validations","VV.SLQ020 A Report, Installation Qualification, Peristaltic Pump, ST-008.docx",".docx","320.8","2026-03-10"
"DHF Validations","VV.SLQ021 A Attachment 1 - Installation Qualification datasheet.pdf",".pdf","2595.7","2026-03-10"
"DHF Validations","VV.SLQ021 A Attachment 2 - PM Requirements.pdf",".pdf","851.9","2026-03-10"
"DHF Validations","VV.SLQ021 A Report, Installation Qualification, Pnuematic Drum Stirrer, ST-009.docx",".docx","320.7","2026-03-10"
"DHF Validations","VV.SLQ022 A Attachment 1 - Installation Qualification datasheet.pdf",".pdf","2582.9","2026-03-10"
"DHF Validations","VV.SLQ022 A Attachment 2 - Users Manual.pdf",".pdf","1512.6","2026-03-10"
"DHF Validations","VV.SLQ022 A Attachment 3 - PM Requirements.pdf",".pdf","965.6","2026-03-10"
"DHF Validations","VV.SLQ022 A Report, Installation Qualification, Waste Diaphragm Pump, ST-004.docx",".docx","321","2026-03-10"
"DHF Validations","VV.SLQ023 A Attachment 1 - Installation Qualification datasheet.pdf",".pdf","2631.6","2026-03-10"
"DHF Validations","VV.SLQ023 A Attachment 2 - Users Manual.pdf",".pdf","2759.4","2026-03-10"
"DHF Validations","VV.SLQ023 A Attachment 3 - Calibration Certificate.pdf",".pdf","671","2026-03-10"
"DHF Validations","VV.SLQ023 A Attachment 4 - Calibration Requirements.pdf",".pdf","832.4","2026-03-10"
"DHF Validations","VV.SLQ023 A Report, Installation Qualification, Floor Scale, Concentrate Reactor, ST-006.docx",".docx","321.1","2026-03-10"
"DHF Validations","VV.SLQ024 A Attachment 1 - Installation Qualification datasheet.pdf",".pdf","2737.1","2026-03-10"
"DHF Validations","VV.SLQ024 A Attachment 2 - Users Manual.pdf",".pdf","2640.3","2026-03-10"
"DHF Validations","VV.SLQ024 A Attachment 3 - Calibration Certificate.pdf",".pdf","670.9","2026-03-10"
"DHF Validations","VV.SLQ024 A Attachment 4 - Calibration Requirements.pdf",".pdf","832.7","2026-03-10"
"DHF Validations","VV.SLQ024 A Report, Installation Qualification, Floor Scale, Suspension, ST-007.docx",".docx","321","2026-03-10"
"DHF Validations","VV.SLQ025 A Attachment 1 - Installation Qualification Datasheet.pdf",".pdf","1325.7","2026-03-10"
"DHF Validations","VV.SLQ025 A Attachment 2 - Users Manual.pdf",".pdf","1574.5","2026-03-10"
"DHF Validations","VV.SLQ025 A Attachment 3 - Calibration Certificate.PDF",".PDF","725.6","2026-03-10"
"DHF Validations","VV.SLQ025 A Attachment 4 - Calibration Requirements.pdf",".pdf","775.8","2026-03-10"
"DHF Validations","VV.SLQ025 A Report, Installation Qualification, Weighing Scale, ST-012.docx",".docx","321.2","2026-03-10"
"DHF Validations","VV.SLQ026 A Installation Qualification Protocol, UV-Visible Spectrophotometer.docx",".docx","332.5","2026-03-10"
"DHF Validations","VV.SLQ028 B Test Protocol, Suspension Shelf Life Evaluation, Silq Surface Treatment.docx",".docx","329.2","2026-03-10"
"DHF Validations","VV.SLQ029 A - Attachment 1 –  Suspension Certificate of Analysis, Lot No. HXY-825021.pdf",".pdf","728.1","2026-03-10"
"DHF Validations","VV.SLQ029 A - Attachment 2 – Coated Catheter Device History Record, Lot No SLQ-80040411241E.pdf",".pdf","4607.7","2026-03-10"
"DHF Validations","VV.SLQ029 A - Attachment 3 - Suspension Quality Control Report, Aged Suspension.pdf",".pdf","903.5","2026-03-10"
"DHF Validations","VV.SLQ029 A - Attachment 4 - Crystal Violet Absorbance test datasheet, Lot No. SLQ-80040411241E.pdf",".pdf","928.7","2026-03-10"
"DHF Validations","VV.SLQ029 A - Attachment 5 - Coating Adherence Verification test datasheet, Lot No. SLQ-80040411241E.pdf",".pdf","1290.1","2026-03-10"
"DHF Validations","VV.SLQ029 A - Attachment 6 – Weighing Scale ST-012 Calibration Report.pdf",".pdf","879.8","2026-03-10"
"DHF Validations","VV.SLQ029 A - Attachment 7 - Protocol Training Record.pdf",".pdf","1203.5","2026-03-10"
"DHF Validations","VV.SLQ029 A Test Report, Suspension Shelf Life Evaluation, 2 Year Aged, Silq Surface Treatment.docx",".docx","326.8","2026-03-10"
"DHF Validations\Software","Attachment 1 - Software Verification Test Summary, FileHold Version 16.3.pdf",".pdf","207.4","2026-03-25"
"DHF Validations\Software","Attachment 2 - FileHold Verification Test, FileHold Version 16.3, 28Mar2022.pdf",".pdf","36895.4","2026-03-25"
"DHF Validations\Software","DC.SLQ002 A Design Project Plan, SilqQMS EDMS Transition.docx",".docx","260.5","2026-03-31"
"DHF Validations\Software","Executed Design Project Scope Form DC.SLQ002 BM_CT signed.pdf",".pdf","787.8","2026-03-31"
"DHF Validations\Software","FM1-QM.SLQ004 A Design Project Scope Form DC.SLQ002.docx",".docx","253.1","2026-03-27"
"DHF Validations\Software","SilqQMSTransitionPlanV1.docx",".docx","257.6","2026-03-26"
"DHF Validations\Software","SW.SLQ001 A Software Validation Plan, FileHold.docx",".docx","321.3","2026-03-25"
"DHF Validations\Software","SW.SLQ002 A Product Requirements Specification, FileHold.docx",".docx","326","2026-03-25"
"DHF Validations\Software","SW.SLQ003 A Software Verification Test Plan, FileHold.docx",".docx","323.1","2026-03-25"
"DHF Validations\Software","SW.SLQ004 A Software Verification Test Procedure FileHold.docx",".docx","321.5","2026-03-25"
"DHF Validations\Software","SW.SLQ005 A Software Validation Report, FileHold.docx",".docx","319.4","2026-03-25"
"DHF Validations\Software","SW.SLQ006 A Requirements Traceability Matrix, FileHold.docx",".docx","329.5","2026-03-25"
"DHF Validations\Software","SW.SLQ007 A Software Validation Plan, SilqQMS.docx",".docx","324.1","2026-03-25"
"DHF Validations\Software","SW.SLQ008 A Product Requirements Specification^J SilqQMS.docx",".docx","329.7","2026-03-25"
"DHF Validations\Software","SW.SLQ009 A Software Verification Test Plan, SIlqQMS.docx",".docx","329.1","2026-03-27"
"DHRs\C.SLQ001 Lot2209-01-1","Certificate of Analysis, Suspension - Lot 2209-01-1.pdf",".pdf","213.1","2026-03-10"
"DHRs\C.SLQ001 Lot2209-01-1","DHR Review and Approval Form - Lot 2209-01-1.pdf",".pdf","273.9","2026-03-10"
"DHRs\C.SLQ001 Lot2209-01-1","Suspension Processing Traveler, Lot 2209-01-1.pdf",".pdf","2282.9","2026-03-10"
"DHRs\C.SLQ001 Lot2209-01-1","Suspension Quality Control Report Lot 2209-01-1.pdf",".pdf","470.1","2026-03-10"
"DHRs\C.SLQ001 Lot2209-01-2","Certificate of Analysis, Suspension - Lot 2209-01-2.pdf",".pdf","214.8","2026-03-10"
"DHRs\C.SLQ001 Lot2209-01-2","DHR Review and Approval Form - Lot 2209-01-2.pdf",".pdf","274.4","2026-03-10"
"DHRs\C.SLQ001 Lot2209-01-2","Suspension Processing Traveler, Lot 2209-01-2.pdf",".pdf","2461.8","2026-03-10"
"DHRs\C.SLQ001 Lot2209-01-2","Suspension Quality Control Report Lot 2209-01-2.pdf",".pdf","446.7","2026-03-10"
"DHRs\C.SLQ001 Lot2302-01-1","Certificate of Analysis, Suspension - Lot 2302-01-1.pdf",".pdf","213.5","2026-03-10"
"DHRs\C.SLQ001 Lot2302-01-1","Device History Record Lot 2302-01-1.pdf",".pdf","3045.5","2026-03-10"
"DHRs\C.SLQ001 Lot2302-01-1","DHR Review and Approval Form - Lot 2302-01-1.pdf",".pdf","275.1","2026-03-10"
"DHRs\C.SLQ001 Lot2302-01-1","Suspension Quality Control Report, Lot No. 2302-01-1.pdf",".pdf","372.9","2026-03-10"
"DHRs\C.SLQ001 Lot2302-01-2","Certificate of Analysis, Suspension - Lot 2302-01-2.pdf",".pdf","213.5","2026-03-10"
"DHRs\C.SLQ001 Lot2302-01-2","Device History Record Lot 2302-01-2.pdf",".pdf","3107.6","2026-03-10"
"DHRs\C.SLQ001 Lot2302-01-2","DHR Review and Approval Form - Lot 2302-01-2.pdf",".pdf","275.1","2026-03-10"
"DHRs\C.SLQ001 Lot2302-01-2","Suspension Quality Control Report, Lot No. 2302-01-2.pdf",".pdf","372","2026-03-10"
"DHRs\C.SLQ001 Lot2502-01-1","Certificate of Analysis, Suspension - Lot 2502-01-1.pdf",".pdf","217.1","2026-03-10"
"DHRs\C.SLQ001 Lot2502-01-1","DHR Review and Approval Form - Lot 2502-01-1.pdf",".pdf","307.1","2026-03-10"
"DHRs\C.SLQ001 Lot2502-01-1","Suspension Quality Control Report, Lot No. 2502-01-1.pdf",".pdf","1041.1","2026-03-10"
"DHRs\C.SLQ001 Lot2502-01-1","TR-C.SLQ001 A 2502-01-1.pdf",".pdf","6650.6","2026-03-10"
"DHRs\C.SLQ001 Lot2502-01-2","Certificate of Analysis, Suspension - Lot 2502-01-2.pdf",".pdf","181.8","2026-03-10"
"DHRs\C.SLQ001 Lot2502-01-2","DHR Review and Approval Form - Lot 2502-01-2.pdf",".pdf","240.3","2026-03-10"
"DHRs\C.SLQ001 Lot2502-01-2","Suspension Quality Control Report, Lot No. 2502-01-2.pdf",".pdf","627.3","2026-03-10"
"DHRs\C.SLQ001 Lot2502-01-2","TR-C.SLQ001 A 2502-01-2.pdf",".pdf","4286.5","2026-03-10"
"DHRs\SLQ-211410SPT\LotSLQ-1192024","DHR SLQ-211410SPT Rev. B Lot SLQ-11192024 QTY 221.pdf",".pdf","10705.8","2026-03-10"
"DHRs\SLQ-211410SPT\LotSLQ-1192024","Quality Control Results, Coating Adherence Verification, Lot SLQ-11192024.pdf",".pdf","372.3","2026-03-10"
"DHRs\SLQ-211410SPT\LotSLQ-1192024","Quality Control Results, Crystal Violet Absorbance, Lot SLQ-11192024.pdf",".pdf","379.2","2026-03-10"
"DHRs\SLQ-211610SPT\LotSLQ-05012025","DHR_SLQ-211610SPT_Rev B_LN SLQ-05012025_QTY 1298 catheters.pdf",".pdf","16973","2026-03-10"
"DHRs\SLQ-211610SPT\LotSLQ-05012025","OM.SLQ003 SLQ05012025.pdf",".pdf","914.5","2026-03-10"
"DHRs\SLQ-211610SPT\LotSLQ-05012025","OM.SLQ004 SLQ05012025.pdf",".pdf","793.5","2026-03-10"
"DHRs\SLQ-211610SPT\LotSLQ-11202024","DHR SLQ-211610SPT Rev B Lot SLQ-11202024 QTY 944.pdf",".pdf","10896.1","2026-03-10"
"DHRs\SLQ-211610SPT\LotSLQ-11202024","Quality Control Results, Coating Adherence Verification, Lot SLQ-11202024.pdf",".pdf","374","2026-03-10"
"DHRs\SLQ-211610SPT\LotSLQ-11202024","Quality Control Results, Crystal Violet Absorbance, Lot SLQ-11202024.pdf",".pdf","382.8","2026-03-10"
"DHRs\SLQ-211810SPT\LotSLQ-01242025","DHR SLQ-211810SPT Rev B Lot SLQ-01242025 Qty 369.pdf",".pdf","11099.5","2026-03-10"
"DHRs\SLQ-211810SPT\LotSLQ-01242025","OM.SLQ003 A Quality Control Procedure Crystal Violet Absorbance SLQ-01242025.pdf",".pdf","903.3","2026-03-10"
"DHRs\SLQ-211810SPT\LotSLQ-01242025","OM.SLQ004 A Quality Control Procedure Coating Adherence Verification SLQ-01242025.pdf",".pdf","771.4","2026-03-10"
"DHRs\SLQ-211810SPT\LotSLQ-05022025","DHR_SLQ-211810SPT_LN SLQ-05022025_QTY 3268.pdf",".pdf","30727.8","2026-03-10"
"DHRs\SLQ-211810SPT\LotSLQ-05022025","OM.SLQ003 SLQ05022025.pdf",".pdf","888.1","2026-03-10"
"DHRs\SLQ-211810SPT\LotSLQ-05022025","OM.SLQ004 SLQ05022025.pdf",".pdf","816.8","2026-03-10"
"DHRs\SLQ-211810SPT\LotSLQ-11182024","DHR SLQ-211810SPT Rev. B Lot SLQ-11182024 QTY 805.pdf",".pdf","4830.3","2026-03-10"
"DHRs\SLQ-211810SPT\LotSLQ-11182024","Quality Control Procedure Coating Adherence Verification, Lot SLQ-11182024.pdf",".pdf","902.4","2026-03-10"
"DHRs\SLQ-211810SPT\LotSLQ-11182024","Quality Control Procedure Crystal Violet Absorbance, Lot SLQ-11182024.pdf",".pdf","380.8","2026-03-10"
"DHRs\SLQ-211810SPT\LotSLQ-81020515241","DHR SLQ-211810SPT Rev. B Lot SLQ-81020515241 QTY 380.pdf",".pdf","12552.6","2026-03-10"
"DHRs\SLQ-211810SPT\LotSLQ-81020515241","OM.SLQ003 SLQ-81020515241.pdf",".pdf","775.8","2026-03-10"
"DHRs\SLQ-211810SPT\LotSLQ-81020515241","OM.SLQ004 SLQ-81020515241.pdf",".pdf","676.6","2026-03-10"
"DMRs","DMR SLQ-211410SPT.pdf",".pdf","593.5","2026-03-31"
"DMRs","DMR SLQ-211610SPT.pdf",".pdf","595.8","2026-03-31"
"DMRs","DMR SLQ-211810SPT.pdf",".pdf","595.6","2026-03-31"
"DMRs\C.SLQ001","BOM-C.SLQ001 C Bill of Materials, Suspension.xlsx",".xlsx","25.2","2026-03-31"
"DMRs\C.SLQ001","BOR-C.SLQ001 A Bill of Reference, Suspension.pdf",".pdf","308.8","2026-04-21"
"DMRs\C.SLQ001","MP-C.SLQ001 B Manufacturing Procedure. Suspension Processing.docx",".docx","16312.1","2026-03-31"
"DMRs\C.SLQ001","OM.SLQ001 A Operations Manufacturing Procedure, Fume Hood.docx",".docx","151","2026-03-31"
"DMRs\C.SLQ001","QC-C.SLQ001 B Quality Control Procedure Suspension Analysis.docx",".docx","705.9","2026-03-31"
"DMRs\C.SLQ001","QC-E.SLQ015 A Quality Control Qualification Procedure, Jenway 7205 Spectrophotometer.docx",".docx","325.9","2026-03-31"
"DMRs\C.SLQ001","SP-C.SLQ001 B Specification, Suspension.docx",".docx","276.7","2026-03-31"
"DMRs\C.SLQ001","SP-C.SLQ002 A Source Control Specification, Label Stock, 4 in. x 6 in., White.docx",".docx","249.2","2026-03-31"
"DMRs\C.SLQ001","SP-C.SLQ003 A Source Control Specification, Drum, Plastic, 55 gallon, Closed Top.docx",".docx","249.1","2026-03-31"
"DMRs\C.SLQ001","SP-L.SLQ005 A Specification, Artwork, Label, Suspension.docx",".docx","285","2026-03-31"
"DMRs\C.SLQ001","SP-M.SLQ001 C Source Control Specification, Polymeric Dispersion Soution, Unpurified.docx",".docx","275.9","2026-03-31"
"DMRs\ClearTract Labeling","L.SLQ001 A ClearTract 2 Way Foley Catheter Brochure.pdf",".pdf","1059.3","2026-03-31"
"DMRs\ClearTract Labeling","L.SLQ011 B Silq ClearTract Brochure Bi-Fold.pdf",".pdf","3769.4","2026-03-31"
"DMRs\ClearTract Labeling","L.SLQ012 B Silq ClearTract Brochure.pdf",".pdf","3774.2","2026-03-31"
"DMRs\ClearTract Labeling","L.SLQ013 A Silq ClearTract Flyer.pdf",".pdf","6145.5","2026-03-31"
"DMRs\ClearTract Labeling","OM.SLQ002 A Quality Control Procedure, Surface Treatment Verification, Crystal Violet.docx",".docx","328.1","2026-03-31"
"DMRs\ClearTract Labeling","OM.SLQ003 A Quality Control Procedure, Crystal Violet Absorbance, Silq Surface Treatment.docx",".docx","328.4","2026-03-31"
"DMRs\ClearTract Labeling","OM.SLQ004 A Quality Control Procedure, Coating Adherence Verification, Silq Surface Treatment.docx",".docx","325.3","2026-03-31"
"DMRs\ClearTract Labeling","QC-E.SLQ015 A Quality Control Qualification Procedure, Jenway 7205 Spectrophotometer.docx",".docx","325.9","2026-03-31"
"DMRs\ClearTract Labeling","SLQ-4006_B, Artwork, IFU, SILQ ClearTract Catheter.docx",".docx","58","2026-03-31"
"DMRs\ClearTract Labeling","SLQ-4006_B, Artwork, IFU, SILQ ClearTract Catheter.pdf",".pdf","135.2","2026-03-31"
"DMRs\ClearTract Labeling","SP-L.SLQ002 B Specification, Instructions for Use, ClearTract Catheter.docx",".docx","250.8","2026-03-31"
"DMRs\ClearTract Labeling","SP-L.SLQ002 B Specification, Instructions for Use, ClearTract Catheter.pdf",".pdf","447.9","2026-03-31"
"DMRs\ClearTract Labeling","SP-L.SLQ003 B - Attachment 1 - SLQ-AW-4000_A.pdf",".pdf","505.9","2026-03-31"
"DMRs\ClearTract Labeling","SP-L.SLQ003 B Specification, Artwork, Label, 2-way Cleartract 16 Fr x 10 ml Catheter, Pouch.docx",".docx","475.3","2026-03-31"
"DMRs\ClearTract Labeling","SP-L.SLQ003 B Specification, Artwork, Label, 2-way Cleartract 16 Fr x 10 ml Catheter, Pouch.pdf",".pdf","583.6","2026-03-31"
"DMRs\ClearTract Labeling","SP-L.SLQ004 B - Attachment 1 - SLQ-AW-4001_A.pdf",".pdf","420.8","2026-03-31"
"DMRs\ClearTract Labeling","SP-L.SLQ004 B Spec, Artwork, Label, 2-way Cleartract 16 Fr x 10 ml Catheter, Shipper Box.docx",".docx","330.7","2026-03-31"
"DMRs\ClearTract Labeling","SP-L.SLQ004 B Spec, Artwork, Label, 2-way Cleartract 16 Fr x 10 ml Catheter, Shipper Box.pdf",".pdf","533.8","2026-03-31"
"DMRs\ClearTract Labeling","SP-L.SLQ006 A Specification, Artwork, Label, 2-way Cleartract 16 Fr x 10 ml Catheter, Carton.docx",".docx","478.3","2026-03-31"
"DMRs\ClearTract Labeling","SP-L.SLQ006 A Specification, Artwork, Label, 2-way Cleartract 16 Fr x 10 ml Catheter, Carton.pdf",".pdf","554.9","2026-03-31"
"DMRs\ClearTract Labeling","SP-L.SLQ006A - Attachment 1 - SLQ-AW-4002_A.pdf",".pdf","510.3","2026-03-31"
"DMRs\ClearTract Labeling\SP-L.SLQ007","SLQ-4007_A, Artwork, IFU, SILQ ClearTract SPT Catheter.docx",".docx","60.8","2026-03-31"
"DMRs\ClearTract Labeling\SP-L.SLQ007","SLQ-4007_A, Artwork, IFU, SILQ ClearTract SPT Catheter.pdf",".pdf","139.7","2026-03-31"
"DMRs\ClearTract Labeling\SP-L.SLQ007","SP-L.SLQ007 A Specification, Instructions for Use, 2-Way ClearTract SPT Catheter.docx",".docx","251.2","2026-03-31"
"DMRs\ClearTract Labeling\SP-L.SLQ007","SP-L.SLQ007 A Specification, Instructions for Use, 2-Way ClearTract SPT Catheter.pdf",".pdf","448.8","2026-03-31"
"DMRs\ClearTract Labeling\SP-L.SLQ008","SP-L.SLQ008 A - Attachment 1 - SLQ-AW-4008_A.pdf",".pdf","511.8","2026-03-31"
"DMRs\ClearTract Labeling\SP-L.SLQ008","SP-L.SLQ008 A Specification, Artwork, Label, Pouch, 2-Way ClearTract SPT Catheter.docx",".docx","311","2026-03-31"
"DMRs\ClearTract Labeling\SP-L.SLQ008","SP-L.SLQ008 A Specification, Artwork, Label, Pouch, 2-Way ClearTract SPT Catheter.pdf",".pdf","726.1","2026-03-31"
"DMRs\ClearTract Labeling\SP-L.SLQ009","SP-L.SLQ009 A - Attachment 1 - SLQ-AW-4009_A.pdf",".pdf","514.1","2026-03-31"
"DMRs\ClearTract Labeling\SP-L.SLQ009","SP-L.SLQ009 A Specification, Artwork, Label, Carton, 2-Way ClearTract SPT Catheter.docx",".docx","313.6","2026-03-31"
"DMRs\ClearTract Labeling\SP-L.SLQ009","SP-L.SLQ009 A Specification, Artwork, Label, Carton, 2-Way ClearTract SPT Catheter.pdf",".pdf","747.4","2026-03-31"
"DMRs\ClearTract Labeling\SP-L.SLQ010","SP-L.SLQ010 A - Attachment 1 - SLQ-AW-4010_A.pdf",".pdf","423.7","2026-03-31"
"DMRs\ClearTract Labeling\SP-L.SLQ010","SP-L.SLQ010 A Specification, Artwork, Label, Shipper Box, 2-Way ClearTract SPT Catheter.docx",".docx","267","2026-03-31"
"DMRs\ClearTract Labeling\SP-L.SLQ010","SP-L.SLQ010 A Specification, Artwork, Label, Shipper Box, 2-Way ClearTract SPT Catheter.pdf",".pdf","477.6","2026-03-31"
"Employee Training","Silq Training Matrix.pdf",".pdf","582.7","2026-04-21"
"Employee Training\BrianMcVerry","Employee Training Program Brian v3.pdf",".pdf","223.5","2026-03-10"
"Employee Training\BrianMcVerry","Employee Training Record QM.HX002A Brian retrain.pdf",".pdf","250.5","2026-03-10"
"Employee Training\BrianMcVerry","Employee Training Record QM.HX005A -6A -7A -8A -9A -10A Brian.pdf",".pdf","157.9","2026-03-10"
"Employee Training\BrianMcVerry","Employee Training Record QM.HX011A 13A 15A 16A 18A Brian.pdf",".pdf","148.8","2026-03-10"
"Employee Training\BrianMcVerry","Employee Training Record QM.HX33A -35A -39A -40A Brian.pdf",".pdf","145","2026-03-10"
"Employee Training\BrianMcVerry","Employee Training Record QM19A -20A -21A -27A -28A Brian.pdf",".pdf","150.1","2026-03-10"
"Employee Training\BrianMcVerry","Hydrophilix Electronic Signature Ack_Brian.pdf",".pdf","558.6","2026-03-10"
"Employee Training\BrianMcVerry","OM.SLQ003A OM.SLQ004A Employee Training Record Brian.pdf",".pdf","139.9","2026-03-10"
"Employee Training\BrianMcVerry","QM.HX012B QM.HX013B  Employee Training Record Brian.pdf",".pdf","134.8","2026-03-10"
"Employee Training\BrianMcVerry","QM.SLQ002 B Employee Training Record Brian.pdf",".pdf","164.8","2026-03-10"
"Employee Training\BrianMcVerry","QM.SLQ003B QM.SLQ014B Employee Training Record Brian.pdf",".pdf","166.3","2026-03-10"
"Employee Training\BrianMcVerry","QM.SLQ005B QM.SLQ020C QM.SLQ027C QM.SLQ035B QM.SLQ040B Employee Training Record Brian.pdf",".pdf","175.8","2026-03-10"
"Employee Training\BrianMcVerry","QM.SLQ015 B Employee Training Record BMcV.pdf",".pdf","164.9","2026-03-10"
"Employee Training\BrianMcVerry","QM.SLQ016B -19B -20B -21B -48A Employee Training Record_Brian.pdf",".pdf","176.1","2026-03-10"
"Employee Training\BrianMcVerry","QM.SLQ016C QM.SLQ021C Employee Training Record Brian.pdf",".pdf","166.4","2026-03-10"
"Employee Training\BrianMcVerry","QM.SLQ020 D Employee Training Record Brian.pdf",".pdf","137.7","2026-03-10"
"Employee Training\BrianMcVerry","QM.SLQ021 D Employee Training Record Brian.pdf",".pdf","164.9","2026-03-10"
"Employee Training\BrianMcVerry","QM.SLQ026 B Employee Training Record Brian.pdf",".pdf","165.1","2026-03-10"
"Employee Training\BrianMcVerry","QM.SLQ027 B Employee Training Record Brian.pdf",".pdf","164.5","2026-03-10"
"Employee Training\BrianMcVerry","QM.SLQ027D 35C 37A Employee Training Record Brian.pdf",".pdf","171.4","2026-03-10"
"Employee Training\BrianMcVerry","QM.SLQ050 A Employee Training Record Brian.pdf",".pdf","164.9","2026-03-10"
"Employee Training\BrianMcVerry","QM.SLQ051 A Employee Training Record Brian.pdf",".pdf","164.9","2026-03-10"
"Employee Training\BrianMcVerry","QMSLQ19C -26C -43A Employee Training Record Brian.pdf",".pdf","171.6","2026-03-10"
"Employee Training\BrianMcVerry","QSR 2022 Employee Training Record Brian.pdf",".pdf","4125","2026-03-10"
"Employee Training\BrianMcVerry","QSR QM3A QM4A QM12A Employee Training Record BMcV.pdf",".pdf","752.6","2026-03-10"
"Employee Training\BrianMcVerry","Resume Brian McVerry 12.2022.pdf",".pdf","49.3","2026-03-10"
"Employee Training\BrianMcVerry","Silq QSR 2023 Employee Training Record Brian.pdf",".pdf","4127.2","2026-03-10"
"Employee Training\BrianMcVerry","Silq QSR 2024 Employee Training Record Brian.pdf",".pdf","6034.3","2026-03-10"
"Employee Training\BrianMcVerry","Silq QSR 2025 Employee Training Record Brian.pdf",".pdf","4339.8","2026-03-10"
"Employee Training\BrianMcVerry","Training Record QM.HX001A QM.HX002A QM.HX026A Brian.pdf",".pdf","367.8","2026-03-10"
"Employee Training\ChrisTurner","Electronic Signature Acknowledgement_Chris.pdf",".pdf","620.7","2026-03-10"
"Employee Training\ChrisTurner","Employee Training Program Chris Turner v2.pdf",".pdf","1388.7","2026-03-10"
"Employee Training\ChrisTurner","MP-C.SLQ001 A QC-C.SLQ001 A Employee Training Record Chris.pdf",".pdf","166.5","2026-03-10"
"Employee Training\ChrisTurner","MP-C.SLQ001B QC-C.SLQ001B Employee Training Record Chris.pdf",".pdf","166.7","2026-03-10"
"Employee Training\ChrisTurner","OM.SLQ001 A Employee Training Record Chris.pdf",".pdf","164.9","2026-03-10"
"Employee Training\ChrisTurner","QM.SLQ001 A -014B -026 B Employee Training Record Chris.pdf",".pdf","171.5","2026-03-10"
"Employee Training\ChrisTurner","QM.SLQ002 B Employee Training Record Chris.pdf",".pdf","165","2026-03-10"
"Employee Training\ChrisTurner","QM.SLQ002A GDP Employee Training Record Chris.pdf",".pdf","733","2026-03-10"
"Employee Training\ChrisTurner","QM.SLQ004A -012B -015A -016B Employee Training Record Chris.pdf",".pdf","173.4","2026-03-10"
"Employee Training\ChrisTurner","QM.SLQ015 B Employee Training Record Chris.pdf",".pdf","165.1","2026-03-10"
"Employee Training\ChrisTurner","QM.SLQ016C QM.SLQ021C Employee Training Record Chris.pdf",".pdf","166.5","2026-03-10"
"Employee Training\ChrisTurner","QM.SLQ018A -019B -020B -021B Employee Training Record Chris.pdf",".pdf","173.6","2026-03-10"
"Employee Training\ChrisTurner","QM.SLQ020 D Employee Training Record Chris.pdf",".pdf","137.7","2026-03-10"
"Employee Training\ChrisTurner","QM.SLQ020C QM.SLQ027C QM.SLQ035B QM.SLQ040B Employee Training Record Chris.pdf",".pdf","173.2","2026-03-10"
"Employee Training\ChrisTurner","QM.SLQ021 D Employee Training Record Chris.pdf",".pdf","164.9","2026-03-10"
"Employee Training\ChrisTurner","QM.SLQ027A -028A -035A -039A Employee Training Record Chris.pdf",".pdf","173.8","2026-03-10"
"Employee Training\ChrisTurner","QM.SLQ027B QM.SLQ046A Employee Training Record Chris.pdf",".pdf","166.5","2026-03-10"
"Employee Training\ChrisTurner","QM.SLQ027D 35C 37A Employee Training Record Chris.pdf",".pdf","171.4","2026-03-10"
"Employee Training\ChrisTurner","QM.SLQ039B QM.SLQ045A Employee Training Record Chris.pdf",".pdf","233.1","2026-03-10"
"Employee Training\ChrisTurner","QM.SLQ040A -047A -048A -050A Employee Training Record Chris.pdf",".pdf","173.6","2026-03-10"
"Employee Training\ChrisTurner","QM.SLQ049 A Employee Training Record Chris.pdf",".pdf","165.2","2026-03-10"
"Employee Training\ChrisTurner","QM.SLQ051 A Employee Training Record Chris.pdf",".pdf","165.1","2026-03-10"
"Employee Training\ChrisTurner","QMSLQ19C -26C -43A Employee Training Record Chris.pdf",".pdf","171.6","2026-03-10"
"Employee Training\ChrisTurner","QSR 2022 QM.SLQ003B Employee Training Record Chris.pdf",".pdf","7110.8","2026-03-10"
"Employee Training\ChrisTurner","Resume - Turner, Chris - 2022.pdf",".pdf","129.9","2026-03-10"
"Employee Training\ChrisTurner","Silq QSR 2023 Employee Training Record Chris.pdf",".pdf","5031.8","2026-03-10"
"Employee Training\ChrisTurner","Silq QSR 2024 Employee Training Record Chris.pdf",".pdf","6545.5","2026-03-10"
"Employee Training\ChrisTurner","Silq QSR 2025 Employee Training Record Chris.pdf",".pdf","5098.7","2026-03-10"
"Employee Training\EthanRao","Electronic Signature Acknowledgement Form ER.pdf",".pdf","606.4","2026-03-10"
"Employee Training\EthanRao","Employee Training Program Ethan v3.pdf",".pdf","208.9","2026-03-10"
"Employee Training\EthanRao","MP-C.SLQ001 A QC-C.SLQ001 A Employee Training Record Ethan.pdf",".pdf","166.5","2026-03-10"
"Employee Training\EthanRao","MP-C.SLQ001B QC-C.SLQ001B Employee Training Record Ethan.pdf",".pdf","166.7","2026-03-10"
"Employee Training\EthanRao","OM.SLQ001 A Employee Training Record Ethan.pdf",".pdf","164.7","2026-03-10"
"Employee Training\EthanRao","OM.SLQ002A QC-E.SLQ15A Employee Training Record Ethan.pdf",".pdf","167","2026-03-10"
"Employee Training\EthanRao","OM.SLQ003A OM.SLQ004A Employee Training Record Ethan.pdf",".pdf","139.9","2026-03-10"
"Employee Training\EthanRao","QM.HX012B QM.HX013B  Employee Training Record ER.pdf",".pdf","266.8","2026-03-10"
"Employee Training\EthanRao","QM.SLQ002 B Employee Training Record Ethan.pdf",".pdf","164.8","2026-03-10"
"Employee Training\EthanRao","QM.SLQ003B QM.SLQ014B Employee Training Record Ethan.pdf",".pdf","166.3","2026-03-10"
"Employee Training\EthanRao","QM.SLQ005B QM.SLQ020C QM.SLQ027C QM.SLQ035B QM.SLQ040B Employee Training Record Ethan.pdf",".pdf","175.8","2026-03-10"
"Employee Training\EthanRao","QM.SLQ015 B Employee Training Record Ethan.pdf",".pdf","164.9","2026-03-10"
"Employee Training\EthanRao","QM.SLQ016 C Employee Training Record_Ethan.pdf",".pdf","164.9","2026-03-10"
"Employee Training\EthanRao","QM.SLQ016B -19B -20B -48A Employee Training Record_Ethan.pdf",".pdf","173.9","2026-03-10"
"Employee Training\EthanRao","QM.SLQ020 D Employee Training Record Ethan.pdf",".pdf","137.7","2026-03-10"
"Employee Training\EthanRao","QM.SLQ026 B Employee Training Record Ethan.pdf",".pdf","165.1","2026-03-10"
"Employee Training\EthanRao","QM.SLQ027B QM.SLQ046A Employee Training Record Ethan.pdf",".pdf","166.3","2026-03-10"
"Employee Training\EthanRao","QM.SLQ027D 35C 37A Employee Training Record Ethan.pdf",".pdf","171.4","2026-03-10"
"Employee Training\EthanRao","QM.SLQ039B QM.SLQ045A Employee Training Record_Ethan.pdf",".pdf","232.9","2026-03-10"
"Employee Training\EthanRao","QM.SLQ049 A Employee Training Record Ethan.pdf",".pdf","165","2026-03-10"
"Employee Training\EthanRao","QM.SLQ050 A Employee Training Record Ethan.pdf",".pdf","164.9","2026-03-10"
"Employee Training\EthanRao","QMSLQ19C -26C -43A Employee Training Record Ethan.pdf",".pdf","171.6","2026-03-10"
"Employee Training\EthanRao","QSR 2022 Employee Training Record Ethan.pdf",".pdf","4575.1","2026-03-10"
"Employee Training\EthanRao","QSR QM.HX003A - 004A -012A Employee Training Record_ER.pdf",".pdf","1859.1","2026-03-10"
"Employee Training\EthanRao","Resume- Ethan Rao  (Dec '22).pdf",".pdf","142.6","2026-03-10"
"Employee Training\EthanRao","Silq QSR 2023 Employee Training Record Ethan.pdf",".pdf","4631.1","2026-03-10"
"Employee Training\EthanRao","Silq QSR 2024 Employee Training Record Ethan.pdf",".pdf","6517.5","2026-03-10"
"Employee Training\EthanRao","Silq QSR 2025 Employee Training Record Ethan.pdf",".pdf","4648.7","2026-03-10"
"Employee Training\EthanRao","Training Record QM.HX001A QM.HX002A QM.HX026A Ethan.pdf",".pdf","672.3","2026-03-10"
"Employee Training\EthanRao","Training Record QM.HX005A -006A -007A -008A -009A -010A ER.pdf",".pdf","528.8","2026-03-10"
"Employee Training\EthanRao","Training Record QM.HX011A -13A -15A -16A -18A ER.pdf",".pdf","456.1","2026-03-10"
"Employee Training\EthanRao","Training Record QM.HX019A -20A -27A -28A ER.pdf",".pdf","395.2","2026-03-10"
"Employee Training\EthanRao","Training Record QM.HX035A -39A -40A Ethan.pdf",".pdf","423.6","2026-03-10"
"Environmental Monitoring","Silq Environmental Monitoring Log.pdf",".pdf","268.6","2026-03-10"
"Environmental Monitoring","Water quality report 20 Sep 2022 - DocsCH_2278091.pdf",".pdf","562.9","2026-03-10"
"Environmental Monitoring","Water quality report 29 Aug 2022 - DocsCH_2277432.pdf",".pdf","767.4","2026-03-10"
"Environmental Monitoring","Water quality report CH 2371431 - Sampled 28 Feb 2023.pdf",".pdf","1038.4","2026-03-10"
"Environmental Monitoring","Water Quality Report CH 2570004 - Sampled 10 Jan 2025.pdf",".pdf","1580.3","2026-03-10"
"Equipment (Calibrations)","Silq Equipment Master List.pdf",".pdf","347.3","2026-04-21"
"Equipment (Calibrations)\ST-006","Equipment Requirements Form, Equip ID ST-006 - Floor Scale, Concentrate Reactor.pdf",".pdf","254","2026-03-10"
"Equipment (Calibrations)\ST-006","Equipment Service Log, ST-006, Floor Scale, Concentrate Reactor.pdf",".pdf","293.4","2026-04-21"
"Equipment (Calibrations)\ST-006","Microprecision Calibration Certificate, ST-006, 07 Sep 2022.pdf",".pdf","88.7","2026-03-10"
"Equipment (Calibrations)\ST-006","Microprecision Calibration Certificate, ST-006, 11 Dec 2024.pdf",".pdf","2150.5","2026-03-10"
"Equipment (Calibrations)\ST-006","SP-ST-006 - Attachment 1 - OP-900 Series Indicator User's Manual.pdf",".pdf","2053.4","2026-03-10"
"Equipment (Calibrations)\ST-006","SP-ST006 B - Attachment 1 - OP-900 Series Indicator User's Manual.pdf",".pdf","2053.4","2026-03-10"
"Equipment (Calibrations)\ST-006","SP-ST006 B Source Control Specification, Floor Scale, Concentrate Reactor.docx",".docx","249.7","2026-03-10"
"Equipment (Calibrations)\ST-006","ST-006 Floor Scale Reactor Cal. Cert. 11 DEC 2025.pdf",".pdf","2199.3","2026-04-21"
"Equipment (Calibrations)\ST-006","Tag In - ST-006 - Nov2023-001 19Dec2024.pdf",".pdf","805.4","2026-03-10"
"Equipment (Calibrations)\ST-007","Equipment Requirements Form, Equip ID ST-007 - Floor Scale, Suspension.pdf",".pdf","254.4","2026-03-10"
"Equipment (Calibrations)\ST-007","Equipment Service Log, ST-007, Floor Scale, Suspension.pdf",".pdf","332.1","2026-04-21"
"Equipment (Calibrations)\ST-007","Microprecision Calibration Certificate, ST-007, 09 Sep 2022.pdf",".pdf","88.7","2026-03-10"
"Equipment (Calibrations)\ST-007","Microprecision Calibration Certificate, ST-007, 11 Dec 2024.pdf",".pdf","2140.9","2026-03-10"
"Equipment (Calibrations)\ST-007","SP-E.SLQ007 B Source Control Specification, Floor Scale, Suspension.docx",".docx","252.2","2026-03-10"
"Equipment (Calibrations)\ST-007","SP-ST-007 - Attachment 1 - 318506 Operation Manual.pdf",".pdf","1814.7","2026-03-10"
"Equipment (Calibrations)\ST-007","ST-007 Floor Scale Susp. Cal. Cert. 11 DEC 2025.pdf",".pdf","2226.4","2026-04-21"
"Equipment (Calibrations)\ST-007","Tag In - ST-007 - NOV2023-002 19Dec2024.pdf",".pdf","799.5","2026-03-10"
"Equipment (Calibrations)\ST-011","12.13.24 Nanotech Energy Inc Fume Hood Survey 2024.pdf",".pdf","612.3","2026-04-21"
"Equipment (Calibrations)\ST-011","20531B - Nanotech Energy Fume Hood Survey 20 Nov 2023.pdf",".pdf","518.1","2026-03-10"
"Equipment (Calibrations)\ST-011","Equipment Requirements Form, Equip ID ST-011 - Fume Hood.pdf",".pdf","292.1","2026-04-21"
"Equipment (Calibrations)\ST-011","Equipment Service Log, ST-011, Fume Hood.pdf",".pdf","379.4","2026-04-21"
"Equipment (Calibrations)\ST-011","IAG HVAC Test and Balance Report, Fume Hood Bi-Annual 12.09.22.pdf",".pdf","4870.5","2026-03-10"
"Equipment (Calibrations)\ST-011","SP-ST-011 SOURCE CONTROL SPECIFICATION, Fume Hood.docx",".docx","249.9","2026-04-21"
"Equipment (Calibrations)\ST-012","Equipment Requirements Form, Equip ID ST-012 - Weighing Scale.pdf",".pdf","267.5","2026-04-21"
"Equipment (Calibrations)\ST-012","Equipment Service Log, ST-012, Weighing Scale.pdf",".pdf","274.1","2026-04-21"
"Equipment (Calibrations)\ST-012","SP-E.SLQ012 B - Attachment 1 - AB-S Operating Instructions.pdf",".pdf","1592.2","2026-03-10"
"Equipment (Calibrations)\ST-012","Tag Out Nov 2023, Tag In Aug 2024 - ST-012.pdf",".pdf","641.3","2026-03-10"
"Equipment (Calibrations)\ST-012\MicroPrecision - Calibration 02 Aug 2024","ST 012 Cal Report 8.7.24.pdf",".pdf","103.3","2026-03-10"
"Equipment (Calibrations)\ST-012\MicroPrecision - Calibration 02 Aug 2024","ST 012 CoC 8.7.24.pdf",".pdf","164","2026-03-10"
"Equipment (Calibrations)\ST-012\Microprecision - Calibration 03 October 2022","30 Sep 2022, SILQ quote SIL-Q-093022-LA-CAR copy.pdf",".pdf","110.5","2026-03-10"
"Equipment (Calibrations)\ST-012\Microprecision - Calibration 03 October 2022","Microprecision1.PDF",".PDF","152.9","2026-03-10"
"Equipment (Calibrations)\ST-012\Microprecision - Calibration 03 October 2022","Microprecision2.pdf",".pdf","103.9","2026-03-10"
"Equipment (Calibrations)\ST-017","Equipment Requirements Form, Equip ID ST-017 - Temperature Humidity Monitor BM signed.pdf",".pdf","720.1","2026-04-21"
"Equipment (Calibrations)\ST-017","SP-E.SLQ017 A Source Control Specification^J Temperature and Humdity Monitor.docx",".docx","250.8","2026-04-21"
"Equipment (Calibrations)\ST-017","ST-017 Calibration Certificate.pdf",".pdf","641.2","2026-04-21"
"Equipment (Calibrations)\ST-017","ST-017 Instruction Manual.pdf",".pdf","156.6","2026-04-21"
"Forms, Templates, and Travelers\Forms","FM1-QM.SLQ001 A Document Change Order Form.docx",".docx","257.6","2026-03-10"
"Forms, Templates, and Travelers\Forms","FM1-QM.SLQ003 A Employee Training Program.docx",".docx","254.4","2026-03-10"
"Forms, Templates, and Travelers\Forms","FM1-QM.SLQ004 A Design Project Scope Form.docx",".docx","247.5","2026-03-10"
"Forms, Templates, and Travelers\Forms","FM1-QM.SLQ008 A Design Review Meeting Minutes Form.docx",".docx","253.1","2026-03-10"
"Forms, Templates, and Travelers\Forms","FM1-QM.SLQ009 A Design VV Deviation Form.docx",".docx","247.7","2026-03-10"
"Forms, Templates, and Travelers\Forms","FM1-QM.SLQ014 A Electronic Signature Acknowledgement Form.docx",".docx","80.9","2026-03-10"
"Forms, Templates, and Travelers\Forms","FM1-QM.SLQ015 A SQ SA Survey Mfg.docx",".docx","270.8","2026-03-10"
"Forms, Templates, and Travelers\Forms","FM1-QM.SLQ016 A CAPA Report Form.docx",".docx","83.6","2026-03-10"
"Forms, Templates, and Travelers\Forms","FM1-QM.SLQ017 B Internal Quality Audit Schedule Form.docx",".docx","259.2","2026-03-10"
"Forms, Templates, and Travelers\Forms","FM1-QM.SLQ018 A Management Review Meeting Minutes.docx",".docx","118","2026-03-16"
"Forms, Templates, and Travelers\Forms","FM1-QM.SLQ020 B Purchase Order Form.docx",".docx","83.8","2026-03-10"
"Forms, Templates, and Travelers\Forms","FM1-QM.SLQ021 B Product Complaint File.docx",".docx","95.1","2026-03-10"
"Forms, Templates, and Travelers\Forms","FM1-QM.SLQ029 A DHR Review and Approval Form.docx",".docx","86.3","2026-03-10"
"Forms, Templates, and Travelers\Forms","FM1-QM.SLQ030 A Recall Report Submitted to FDA Form.docx",".docx","88.3","2026-03-10"
"Forms, Templates, and Travelers\Forms","FM1-QM.SLQ036 A Sales Order Form.docx",".docx","91.2","2026-03-10"
"Forms, Templates, and Travelers\Forms","FM1-QM.SLQ039 B Basic Receiving Inspection Form.docx",".docx","86.3","2026-03-10"
"Forms, Templates, and Travelers\Forms","FM1-QM.SLQ040 A Nonconforming Material Report Form.docx",".docx","87.3","2026-03-10"
"Forms, Templates, and Travelers\Forms","FM1-QM.SLQ043 A Work Order Form.docx",".docx","84.2","2026-03-10"
"Forms, Templates, and Travelers\Forms","FM1-QM.SLQ046 A Shipping Request Form.docx",".docx","87.8","2026-03-10"
"Forms, Templates, and Travelers\Forms","FM1-QM.SLQ050 A Equipment Master List.xlsx",".xlsx","12.2","2026-03-10"
"Forms, Templates, and Travelers\Forms","FM1-QM.SLQ051 A Environmental Monitoring Log.docx",".docx","89.1","2026-03-10"
"Forms, Templates, and Travelers\Forms","FM2-QM.SLQ001 A Authorized Approvers Form.docx",".docx","251","2026-03-10"
"Forms, Templates, and Travelers\Forms","FM2-QM.SLQ003 B Employee Training Record.docx",".docx","251.7","2026-03-10"
"Forms, Templates, and Travelers\Forms","FM2-QM.SLQ015 A SQ SA Survey Test Srvcs.docx",".docx","100.3","2026-03-10"
"Forms, Templates, and Travelers\Forms","FM2-QM.SLQ017 A Internal Quality Audit Checklist.docx",".docx","150.3","2026-03-10"
"Forms, Templates, and Travelers\Forms","FM2-QM.SLQ030 A FSCA Report Form.docx",".docx","80.8","2026-03-10"
"Forms, Templates, and Travelers\Forms","FM2-QM.SLQ039 A General Inspection Form.docx",".docx","84.8","2026-03-10"
"Forms, Templates, and Travelers\Forms","FM2-QM.SLQ040 A NCMR Log.docx",".docx","82.2","2026-03-10"
"Forms, Templates, and Travelers\Forms","FM2-QM.SLQ050 A Equipment Requirements Form.docx",".docx","91.2","2026-03-10"
"Forms, Templates, and Travelers\Forms","FM3-QM.SLQ015 A Cat II Supplier Assessment Form.docx",".docx","86.6","2026-03-10"
"Forms, Templates, and Travelers\Forms","FM3-QM.SLQ017 A Internal Quality Audit Final Report.docx",".docx","84.3","2026-03-10"
"Forms, Templates, and Travelers\Forms","FM3-QM.SLQ030 A Field Safety Notice Form.docx",".docx","87.7","2026-03-10"
"Forms, Templates, and Travelers\Forms","FM3-QM.SLQ050 A Equipment Service Log.docx",".docx","92.2","2026-03-10"
"Forms, Templates, and Travelers\Forms","FM4-QM.SLQ015 A Supplier Re-Evaluation Form.docx",".docx","87.7","2026-03-10"
"Forms, Templates, and Travelers\Forms","FM4-QM.SLQ017 A Certificate of Internal Audit.docx",".docx","87.2","2026-03-10"
"Forms, Templates, and Travelers\Forms","FM4-QM.SLQ030 A Advisory and Recall Notices Distribution Log Form.docx",".docx","85.9","2026-03-10"
"Forms, Templates, and Travelers\Forms","FM4-QM.SLQ050 A Unscheduled Maintenance-CAL Out of Tolerance Investigation Form.docx",".docx","91","2026-03-10"
"Forms, Templates, and Travelers\Forms","FM5-QM.SLQ015 A Certificate of Audit Form.docx",".docx","85.4","2026-03-10"
"Forms, Templates, and Travelers\Forms","FM5-QM.SLQ017 A Auditor Qualification Record.docx",".docx","84.8","2026-03-10"
"Forms, Templates, and Travelers\Forms","FM5-QM.SLQ050 A Tag Out Information Form.docx",".docx","88.2","2026-03-10"
"Forms, Templates, and Travelers\Forms","FM6-QM.SLQ015 B Approved Supplier List Form.docx",".docx","86.6","2026-03-10"
"Forms, Templates, and Travelers\Forms","FM6-QM.SLQ050 A Tag Out Tag.docx",".docx","90.2","2026-03-10"
"Forms, Templates, and Travelers\Forms","FM7-QM.SLQ015 A Supplier Assess Schedule Form.docx",".docx","87.3","2026-03-10"
"Forms, Templates, and Travelers\Forms","FM8-QM.SLQ015 A Supplier Correct Action Req Form.docx",".docx","89","2026-03-10"
"Forms, Templates, and Travelers\Templates","TMP1-QC-C.SLQ001 B Template, Suspension Quality Control Report.docx",".docx","77.7","2026-03-10"
"Forms, Templates, and Travelers\Templates","TMP1-QM.SLQ001 A Controlled Document Template.docx",".docx","320.7","2026-03-10"
"Forms, Templates, and Travelers\Templates","TMP1-QM.SLQ005 A Design Project Plan Template.docx",".docx","255.2","2026-03-10"
"Forms, Templates, and Travelers\Templates","TMP1-QM.SLQ006 A User Needs Design Input Template.docx",".docx","255.2","2026-03-10"
"Forms, Templates, and Travelers\Templates","TMP1-QM.SLQ007 A Source Control Specification Template.docx",".docx","249.2","2026-03-10"
"Forms, Templates, and Travelers\Templates","TMP1-QM.SLQ009 A Design VV Test Plan Template.docx",".docx","325.8","2026-03-10"
"Forms, Templates, and Travelers\Templates","TMP1-QM.SLQ010 A Clinical Transfer Checklist Template.docx",".docx","256.2","2026-03-10"
"Forms, Templates, and Travelers\Templates","TMP1-QM.SLQ012 B Risk Management Plan Template.docx",".docx","321.2","2026-03-10"
"Forms, Templates, and Travelers\Templates","TMP1-QM.SLQ013 B Preliminary Hazard Analysis Template.docx",".docx","331.8","2026-03-10"
"Forms, Templates, and Travelers\Templates","TMP1-QM.SLQ021 A Template, Complaint Reponse Letter.docx",".docx","700.5","2026-03-10"
"Forms, Templates, and Travelers\Templates","TMP1-QM.SLQ045 A Quarantine Label Template.dymo",".dymo","37.2","2026-03-10"
"Forms, Templates, and Travelers\Templates","TMP1-QM.SLQ046 A Template, Packing List.docx",".docx","45.5","2026-03-10"
"Forms, Templates, and Travelers\Templates","TMP2-QC-C.SLQ001 A Template, Certificate of Analysis, Suspension.docx",".docx","95.7","2026-03-10"
"Forms, Templates, and Travelers\Templates","TMP2-QM.SLQ006 A Prod Reqmnts Design Input Template.docx",".docx","256.7","2026-03-10"
"Forms, Templates, and Travelers\Templates","TMP2-QM.SLQ007 A Design Input Output Matrix Template.docx",".docx","251.2","2026-03-10"
"Forms, Templates, and Travelers\Templates","TMP2-QM.SLQ009 A Design VV Protocol Template.docx",".docx","324.6","2026-03-10"
"Forms, Templates, and Travelers\Templates","TMP2-QM.SLQ010 A Design Transfer Checklist Template.docx",".docx","255.1","2026-03-10"
"Forms, Templates, and Travelers\Templates","TMP2-QM.SLQ013 B Hazards Analysis Table.xlsx",".xlsx","243.3","2026-03-10"
"Forms, Templates, and Travelers\Templates","TMP3-QM.SLQ009 A Design VV Final Report Template.docx",".docx","318.1","2026-03-10"
"Forms, Templates, and Travelers\Templates","TMP3-QM.SLQ013 A FMEA Worksheet Template.xlsx",".xlsx","254.7","2026-03-10"
"Forms, Templates, and Travelers\Travelers","TR-C.SLQ001 B Suspension Processing Traveler.docx",".docx","72.4","2026-03-10"
"Internal & Supplier Audits","Silq Audit Log.xlsx",".xlsx","47.3","2026-03-31"
"Internal & Supplier Audits","Silq Technologies Corp EIR_reviewed FDA insp rep 11.17.25.pdf",".pdf","1398.4","2026-03-06"
"Internal & Supplier Audits\FDA2025","2025 Div 2 South FORM-000300_Inspectional Handout OII.pdf",".pdf","146.7","2026-03-10"
"Internal & Supplier Audits\FDA2025","FDA Form 483 Dated 16 Oct 2025 f326708.pdf",".pdf","287.8","2026-03-10"
"Internal & Supplier Audits\FDA2025","Silq FDA 483 Response.pdf",".pdf","845.7","2026-03-10"
"Internal & Supplier Audits\FDA2025","Silq Technologies Corp EIR_reviewed FDA insp rep 11.17.25.pdf",".pdf","1398.4","2026-03-10"
"Internal & Supplier Audits\IA2023","Agenda - SILQ (Nov 2023) Rev A.pdf",".pdf","446.2","2026-03-10"
"Internal & Supplier Audits\IA2023","Audit Plan - SILQ (Nov 2023) Rev A - Signed.pdf",".pdf","237.9","2026-03-10"
"Internal & Supplier Audits\IA2023","Audit Report - SIL IAR-2023-01.pdf",".pdf","724","2026-03-10"
"Internal & Supplier Audits\IA2023","Certificate of Internal Audit, Audit No 23-01.pdf",".pdf","297.9","2026-03-10"
"Internal & Supplier Audits\IA2023","F-0028 Ver C DGII 21 CFR, Part 803 & 806 Checklist - Silq (Nov 2023).pdf",".pdf","239","2026-03-10"
"Internal & Supplier Audits\IA2023","F-0080 Ver A DGII ISO 13485-2016 Checklist - SILQ (Nov 2023).pdf",".pdf","533.4","2026-03-10"
"Internal & Supplier Audits\IA2024","Agenda - SILQ (Jan 2025).pdf",".pdf","445.6","2026-03-10"
"Internal & Supplier Audits\IA2024","Audit 24-01 A Certificate of Internal Audit.pdf",".pdf","929.3","2026-03-10"
"Internal & Supplier Audits\IA2024","Audit Attendance Sheet - (Jan 2025).pdf",".pdf","272","2026-03-10"
"Internal & Supplier Audits\IA2024","Audit Plan - SILQ (Jan 2025).pdf",".pdf","227.2","2026-03-10"
"Internal & Supplier Audits\IA2024","Audit Report - SIL IAR-2025-01 - Final.pdf",".pdf","701.5","2026-03-10"
"Internal & Supplier Audits\IA2024","F-0028 Ver C DGII 21 CFR, Part 803 & 806 Checklist - Silq (Jan 2025).pdf",".pdf","184.9","2026-03-10"
"Internal & Supplier Audits\IA2024","F-0028 Ver C DGII 21 CFR, Part 803 & 806 Checklist - Silq (Nov 2023).pdf",".pdf","239","2026-03-10"
"Internal & Supplier Audits\IA2024","F-0080 Ver A DGII ISO 13485-2016 Checklist - SILQ (Jan 2025).pdf",".pdf","653.3","2026-03-10"
"Internal & Supplier Audits\IA2024","F-0080 Ver A DGII ISO 13485-2016 Checklist - SILQ (Nov 2023).pdf",".pdf","533.4","2026-03-10"
"Internal & Supplier Audits\SupplierAudits\22-01 Pathway","Audit 22-01 Final Report - Pathway.pdf",".pdf","262.3","2026-04-21"
"Internal & Supplier Audits\SupplierAudits\22-01 Pathway","Audit 22-01 Quality Audit Checklist final.pdf",".pdf","1113.2","2026-04-21"
"Internal & Supplier Audits\SupplierAudits\22-01 Pathway","Pathway Supplier Audit Plan - Sep 28-29, 2022.doc",".doc","58","2026-04-21"
"Internal & Supplier Audits\SupplierAudits\23-01 Pathway","Audit 23-02 Supplier Audit Report - Pathway.pdf",".pdf","351.8","2026-04-21"
"Internal & Supplier Audits\SupplierAudits\23-01 Pathway","Certificate of Audit Form 23-02.pdf",".pdf","214.7","2026-04-21"
"Internal & Supplier Audits\SupplierAudits\23-01 Pathway","Pathway Supplier Audit Plan and Agenda - Nov 28-29, 2023.pdf",".pdf","1672.7","2026-04-21"
"Internal & Supplier Audits\SupplierAudits\23-01 Pathway","Silq Audit 23-02 checklist.pdf",".pdf","447.1","2026-04-21"
"Internal & Supplier Audits\SupplierAudits\23-01 Pathway\(PathwayResponseDocs)AUD-23-012","AUD-23-012_Audit Response Report - signed 10Mar2025.pdf",".pdf","1476.5","2026-04-21"
"Internal & Supplier Audits\SupplierAudits\23-01 Pathway\(PathwayResponseDocs)AUD-23-012\CAPA-23-0008","CAPA-23-0008 Phase 0 - signed 03-24-2025.pdf",".pdf","541.8","2026-04-21"
"Internal & Supplier Audits\SupplierAudits\23-01 Pathway\(PathwayResponseDocs)AUD-23-012\CAPA-23-0008","CAPA-23-0008 Phase 1 - signed 03-27-2025.pdf",".pdf","486.7","2026-04-21"
"Internal & Supplier Audits\SupplierAudits\23-01 Pathway\(PathwayResponseDocs)AUD-23-012\CAPA-23-0008","CAPA-23-0008 Phase 2 signed 06-30-2025.pdf",".pdf","703.2","2026-04-21"
"Internal & Supplier Audits\SupplierAudits\23-01 Pathway\(PathwayResponseDocs)AUD-23-012\CAPA-23-0008","CAPA-23-0008 Phase 3 - signed 07-03-2025.pdf",".pdf","448","2026-04-21"
"Internal & Supplier Audits\SupplierAudits\23-01 Pathway\(PathwayResponseDocs)AUD-23-012\CAPA-23-0008","CAPA-23-0008 Phase 4 Extension - signed 10-03-2025.pdf",".pdf","461.7","2026-04-21"
"Internal & Supplier Audits\SupplierAudits\23-01 Pathway\(PathwayResponseDocs)AUD-23-012\CAPA-24-001","CAPA-24-001 Phase 0 - signed 10Mar2025.pdf",".pdf","556.4","2026-04-21"
"Internal & Supplier Audits\SupplierAudits\23-01 Pathway\(PathwayResponseDocs)AUD-23-012\CAPA-24-001","CAPA-24-001 Phase 1 Signed 03-12-2025.pdf",".pdf","491.2","2026-04-21"
"Internal & Supplier Audits\SupplierAudits\23-01 Pathway\(PathwayResponseDocs)AUD-23-012\CAPA-24-001","CAPA-24-001 Phase 2 - signed 04-02-2025.pdf",".pdf","926.9","2026-04-21"
"Internal & Supplier Audits\SupplierAudits\23-01 Pathway\(PathwayResponseDocs)AUD-23-012\CAPA-24-001","CAPA-24-001 Phase 3 - signed 04-16-2025.pdf",".pdf","512.8","2026-04-21"
"Internal & Supplier Audits\SupplierAudits\23-01 Pathway\(PathwayResponseDocs)AUD-23-012\CAPA-24-001","CAPA-24-001 Phase 4 - signed 07152025.pdf",".pdf","549.2","2026-04-21"
"Internal & Supplier Audits\SupplierAudits\23-01 Pathway\(PathwayResponseDocs)AUD-23-012\CAPA-24-003","CAPA 24-003.pdf",".pdf","1345.8","2026-04-21"
"Internal & Supplier Audits\SupplierAudits\23-01 Pathway\(PathwayResponseDocs)AUD-23-012\CAPA-24-005","CAPA-24-005 Phase 0 - signed 03-14-2025.pdf",".pdf","491.8","2026-04-21"
"Internal & Supplier Audits\SupplierAudits\23-01 Pathway\(PathwayResponseDocs)AUD-23-012\CAPA-24-005","CAPA-24-005 Phase 1 - signed 03-21-2025.pdf",".pdf","476.8","2026-04-21"
"Internal & Supplier Audits\SupplierAudits\23-01 Pathway\(PathwayResponseDocs)AUD-23-012\CAPA-24-005","CAPA-24-005 Phase 2 - signed 05-28-2025.pdf",".pdf","370","2026-04-21"
"Internal & Supplier Audits\SupplierAudits\23-01 Pathway\(PathwayResponseDocs)AUD-23-012\CAPA-24-005","CAPA-24-005 Phase 3 - signed 06-05-2025.pdf",".pdf","439.7","2026-04-21"
"Internal & Supplier Audits\SupplierAudits\23-01 Pathway\(PathwayResponseDocs)AUD-23-012\CAPA-24-005","CAPA-24-005 Phase 4 - signed 09-11-2025.pdf",".pdf","944.2","2026-04-21"
"Internal & Supplier Audits\SupplierAudits\23-01 Pathway\(PathwayResponseDocs)AUD-23-012\CAPA-24-005","CAPA-24-005 Phase 4 Extension - signed 07-22-2025.pdf",".pdf","443.8","2026-04-21"
"Management Review Meetings\MR2024","2024 Management Review Meeting Minutes 11Feb2025.pdf",".pdf","2340.3","2026-03-10"
"Management Review Meetings\MR2024","2024 Management Review Meeting Slides 11Feb2025.pdf",".pdf","712.2","2026-04-21"
"Management Review Meetings\MR2025","2025 Management Review Meeting Minutes 16Mar2026.pdf",".pdf","1112.9","2026-04-21"
"Management Review Meetings\MR2025","2025 Management Review Meeting Slides 16Mar2026.pdf",".pdf","2535.3","2026-03-16"
"QM Documents","QM.SLQ001 A Document Control SOP.DOCX",".DOCX","371.1","2026-03-10"
"QM Documents","QM.SLQ002 B Good Documentation Practices SOP.docx",".docx","822.5","2026-03-10"
"QM Documents","QM.SLQ003 B Employee Training SOP.docx",".docx","330.6","2026-03-10"
"QM Documents","QM.SLQ004 B Design Control Program SOP.docx",".docx","478.3","2026-03-25"
"QM Documents","QM.SLQ005 B Design Project Planning SOP.docx",".docx","323.7","2026-03-10"
"QM Documents","QM.SLQ006 A Design Input SOP.docx",".docx","253.8","2026-03-10"
"QM Documents","QM.SLQ007 A Design Output SOP.docx",".docx","325","2026-03-10"
"QM Documents","QM.SLQ008 A Design Review SOP.docx",".docx","323.1","2026-03-10"
"QM Documents","QM.SLQ009 A Design VV SOP.docx",".docx","325.5","2026-03-10"
"QM Documents","QM.SLQ010 A Design Transfer SOP.docx",".docx","322.1","2026-03-10"
"QM Documents","QM.SLQ011 A Statistical Techniques WI.docx",".docx","182","2026-03-10"
"QM Documents","QM.SLQ012 B Risk Management SOP.docx",".docx","456.7","2026-03-10"
"QM Documents","QM.SLQ013 B Risk Analysis SOP.docx",".docx","495.7","2026-03-10"
"QM Documents","QM.SLQ014 B Electronic Doc System WI.docx",".docx","6775.7","2026-03-10"
"QM Documents","QM.SLQ015 B Supplier QA SOP.docx",".docx","324.4","2026-03-10"
"QM Documents","QM.SLQ016 C CAPA SOP.docx",".docx","161.9","2026-03-10"
"QM Documents","QM.SLQ017 A Internal Audits SOP.docx",".docx","157.7","2026-03-10"
"QM Documents","QM.SLQ018 A Management Review SOP.DOCX",".DOCX","91.9","2026-03-10"
"QM Documents","QM.SLQ019 C Identification and Traceability SOP.docx",".docx","93.5","2026-03-10"
"QM Documents","QM.SLQ020 D Purchasing Controls SOP.docx",".docx","158.4","2026-03-10"
"QM Documents","QM.SLQ021 D Product Complaint System SOP.docx",".docx","159.9","2026-03-10"
"QM Documents","QM.SLQ022 B Medical Device Reporting.docx",".docx","104.2","2026-03-25"
"QM Documents","QM.SLQ023 A eMDR Submission Work Instruction.docx",".docx","1180.9","2026-03-10"
"QM Documents","QM.SLQ025 A Quality Planning SOP.DOCX",".DOCX","89.1","2026-03-10"
"QM Documents","QM.SLQ026 C Part Number Assignment WI.docx",".docx","122.4","2026-03-10"
"QM Documents","QM.SLQ027 E Quality Manual.docx",".docx","185.3","2026-03-10"
"QM Documents","QM.SLQ028 A Protection of Confidential Patient Information.DOCX",".DOCX","87.1","2026-03-10"
"QM Documents","QM.SLQ029 A DHR Review and Approval SOP.docx",".docx","152.9","2026-03-10"
"QM Documents","QM.SLQ030 A Advisory Notices and Recalls SOP.docx",".docx","100.4","2026-03-10"
"QM Documents","QM.SLQ032 A Software Validation SOP.docx",".docx","91.4","2026-03-10"
"QM Documents","QM.SLQ033 A Post-Market Surveillance SOP.docx",".docx","92.9","2026-03-10"
"QM Documents","QM.SLQ034 G Organization Chart.docx",".docx","153.9","2026-03-25"
"QM Documents","QM.SLQ035 D Quality Policy .docx",".docx","91.3","2026-03-10"
"QM Documents","QM.SLQ036 E Sales Order SOP.docx",".docx","2093.5","2026-03-10"
"QM Documents","QM.SLQ037 A Quality Objectives.docx",".docx","86.8","2026-03-10"
"QM Documents","QM.SLQ038 B Managing Regulatory Inspections.docx",".docx","158.1","2026-03-10"
"QM Documents","QM.SLQ039 B Receiving Inspection SOP.docx",".docx","106","2026-03-10"
"QM Documents","QM.SLQ040 B Nonconforming Materials SOP.docx",".docx","94.1","2026-03-10"
"QM Documents","QM.SLQ043 A Work Order SOP.docx",".docx","153.7","2026-03-10"
"QM Documents","QM.SLQ045 A Receiving SOP.docx",".docx","92.6","2026-03-10"
"QM Documents","QM.SLQ046 A Shipping SOP.docx",".docx","155.3","2026-03-10"
"QM Documents","QM.SLQ047 A Process Validation SOP.docx",".docx","156.6","2026-03-10"
"QM Documents","QM.SLQ048 A Device Master Record SOP.docx",".docx","152.1","2026-03-10"
"QM Documents","QM.SLQ049 A Workstation Practices SOP.docx",".docx","157.6","2026-03-10"
"QM Documents","QM.SLQ050 A Calibration and Preventive Maintenance SOP.docx",".docx","163","2026-03-10"
"QM Documents","QM.SLQ051 A Environmental Monitoring.docx",".docx","157.4","2026-03-10"
"Quality Objectives & Plans","2025 Quality Objective Summary.pdf",".pdf","56.8","2026-04-21"
"Quality Objectives & Plans","2026 Quality Objective Plan (MR Meeting Minutes).pdf",".pdf","744.6","2026-04-21"
"Quality Objectives & Plans","Silq 2026 Quality Plan.docx",".docx","263","2026-04-22"
"Recieving Inspections\LotCRYLK","FM1-QM.SLQ039 - PO0000058 - CRYLK-UX.pdf",".pdf","1635.4","2026-03-10"
"Recieving Inspections\LotCRYLK","Z5503_CRYLK.pdf",".pdf","29.7","2026-03-10"
"Recieving Inspections\LotLBSEE","80900242_PACKINGLIST.pdf",".pdf","7.1","2026-03-10"
"Recieving Inspections\LotLBSEE","Memo to File - Receiving Inspection M-SLQ.001B Lot LBSEE.pdf",".pdf","227.2","2026-03-10"
"Recieving Inspections\LotLBSEE","Receiving Inspection M.SLQ001B - Lot LBSEE.pdf",".pdf","1070.1","2026-03-10"
"Recieving Inspections\LotLBSEE","Z5503-LBSEE COA.pdf",".pdf","32.7","2026-03-10"
"Recieving Inspections\LotMY27B","FM1-QM.SLQ039 REC-INSP Concentrate MY27B-FO 11 FEB 2025.pdf",".pdf","1675.9","2026-03-10"
"Recieving Inspections\LotMY27B","Z5503_MY27B.pdf",".pdf","29.1","2026-03-10"
"Risk Management Files","PS-0006 Rev H_signed.pdf",".pdf","1090","2026-03-31"
"Risk Management Files","RM-0018 Rev D Cover sheet.docx",".docx","329.9","2026-03-31"
"Risk Management Files","RM-0018, Rev D_Risk Management Plan, SILQ Foley Catheter.docx",".docx","137","2026-03-31"
"Risk Management Files","RM-0019  Rev D Cover sheet.docx",".docx","330.1","2026-03-31"
"Risk Management Files","RM-0019, Rev D_Hazard Analysis (HA) Risk Management Report, SILQ Foley Catheter.docx",".docx","127.2","2026-03-31"
"Risk Management Files","RM-0020 Rev D Cover sheet.docx",".docx","330.2","2026-03-31"
"Risk Management Files","RM-0020 Rev D_DFMEA Risk Management Report, HDX Foley Catheter.docx",".docx","120.7","2026-03-31"
"Risk Management Files","RM-0021_F_SILQ PFMEA - signed 2024-05-16.pdf",".pdf","738.2","2026-03-31"
"Risk Management Files","RM-0094, Rev A_Risk Management, Production & Post-Production Review, SILQ.pdf",".pdf","443.8","2026-03-31"
"Risk Management Files","RM-0141_A_RMF Review, SILQ 2024 - signed 04-16-2025.pdf",".pdf","610.1","2026-03-31"
"Risk Management Files","RM-0155_A_RMF Review, SILQ 2025.pdf",".pdf","546.3","2026-04-17"
"SLQ-DHF","DHF File Index.pdf",".pdf","51.2","2026-04-22"
"SLQ-DHF","Project#00017, Phase 3 Design Review_2020-08-20.pdf",".pdf","6732.7","2026-04-22"
"SLQ-DHF","Project#00017, Phase 4 Design Review_2020-08-25.pdf",".pdf","12385","2026-04-22"
"SLQ-DHF","Project#00017, Phase 5 Design Review_2020-08-31.pdf",".pdf","1537.3","2026-04-22"
"SLQ-DHF","Project#00017-Label Content Review_2020-08-25.pdf",".pdf","9851.4","2026-04-22"
"SLQ-DHF","Project#00047, Design Review_2021-12-02 Docs.pdf",".pdf","29026.5","2026-04-22"
"SLQ-DHF","Project#00047, Design Review_2021-12-02 signed.pdf",".pdf","275.7","2026-04-22"
"SLQ-DHF","Project#00047-Design Change Assessment_2021-11-30 wFlowChart.pdf",".pdf","399.4","2026-04-22"
"SLQ-DHF","Project#00047-LabelContentReview_2021-12-01.pdf",".pdf","5486.9","2026-04-22"
"SLQ-DHF","Project#00049, Design Review_2022-03-11 wDocs.pdf",".pdf","14004.4","2026-04-22"
"SLQ-DHF","Project#00049, Design Review_2022-03-11.pdf",".pdf","274.6","2026-04-22"
"SLQ-DHF","Project#00049-Design Change Assessment_2022-03-01.pdf",".pdf","420.7","2026-04-22"
"SLQ-DHF","Project#00053 Design Review Form Signatures for SILQ SPT 2023-05-26.pdf",".pdf","305.6","2026-04-22"
"SLQ-DHF","Project#00053, Design Review_2023-05-26 Attachments.pdf",".pdf","8308.6","2026-04-22"
"SLQ-DHF","Project#00053-Design Change Assessment_2023-05-11.pdf",".pdf","392","2026-04-22"
"SLQ-DHF","Project#00056-Design Change Assessment_2023-05-04.pdf",".pdf","155.2","2026-04-22"
"SLQ-DHF","Project-00017-Phase1_DesignReview_20190712.pdf",".pdf","838","2026-04-22"
"SLQ-DHF","Project-00017-Phase2_DesignReview_20190725.pdf",".pdf","954.1","2026-04-22"
"SLQ-DHF","SILQ SPT Product Label Content Review 2023-05-11.pdf",".pdf","5341.4","2026-04-22"
"SLQ-DHF","TR-SLQ-0015_B - Test Report, DV Testing, SILQ ClearTract Foley Catheter - signed 2024-05-01.pdf",".pdf","736.2","2026-04-22"
"Suppliers","SILQ Approved Supplier List 13 Mar 2026.pdf",".pdf","531.8","2026-04-23"
"Suppliers\BioMDg","Cat II Supplier Assessment - Bryan Wong v2.pdf",".pdf","367.7","2026-03-10"
"Suppliers\BioMDg","Cat II Supplier Assessment - Octavio Cruz-Uribe.pdf",".pdf","443.4","2026-03-10"
"Suppliers\BioMDg","Supplier Assessment Form - Diana.pdf",".pdf","1478.8","2026-03-10"
"Suppliers\BioMDg","Supplier Assessment Form - Sigi.pdf",".pdf","1499.2","2026-03-10"
"Suppliers\DevineGuidance","DevineGuidance.pdf",".pdf","3729.1","2026-03-10"
"Suppliers\FireFlySci","FireflySci Canada ISO-17025 Certificate (1).pdf",".pdf","477.1","2026-03-10"
"Suppliers\FireFlySci","FireflySci Canada ISO-17025 Certificate.pdf",".pdf","78.6","2026-03-10"
"Suppliers\FireFlySci","FireFlySci Supplier ReEvaluation Form 2025.pdf",".pdf","380","2026-04-20"
"Suppliers\FireFlySci","Supplier Assessment Survey - FireflySci (signed).pdf",".pdf","538.5","2026-03-10"
"Suppliers\MedReg","MedReg Associates Inc. Supplier Assessment Form (Cat II)[40].pdf",".pdf","403.2","2026-04-21"
"Suppliers\MedReg","MedReg.pdf",".pdf","322.6","2026-03-10"
"Suppliers\MedReg","S Page Auditor Qualification Record (FM5-QM.SLQ017).pdf",".pdf","591.6","2026-03-24"
"Suppliers\MedReg","SPage Y2025 CV.pdf",".pdf","111.2","2026-04-21"
"Suppliers\Pathway","Pathway ISO 13485-2016 Certificate exp 2028-08-15.pdf",".pdf","296","2026-03-10"
"Suppliers\Pathway","Pathway Supplier Re-Evaluation 2021 signed.pdf",".pdf","268.7","2026-03-10"
"Suppliers\Pathway","Pathway Supplier Re-Evaluation 2024.pdf",".pdf","454.3","2026-03-10"
"Suppliers\Pathway","Pathway Supplier Re-Evaluation 2025.pdf",".pdf","581.2","2026-04-20"
"Suppliers\Pathway","QA-SLQ-01_B_QUALITY AGREEMENT Pathway & SILQ 02_14_2024 - signed.pdf",".pdf","783.5","2026-03-10"
"Suppliers\Pathway","QM-01_Rev E-Quality Manual.pdf",".pdf","97.5","2026-03-10"
"Suppliers\Pathway","Supplier Assessment Survey - Pathway LLC signed.pdf",".pdf","277.2","2026-03-10"
"Suppliers\Pathway\SupplierAudit22-01","Audit 22-01 Final Report - Pathway.pdf",".pdf","262.3","2026-03-10"
"Suppliers\Pathway\SupplierAudit22-01","Audit 22-01 Quality Audit Checklist final.pdf",".pdf","1113.2","2026-03-10"
"Suppliers\Pathway\SupplierAudit22-01","Pathway Supplier Audit Plan - Sep 28-29, 2022.doc",".doc","58","2026-03-10"
"Suppliers\Pathway\SupplierAudit23-02","Audit 23-02 Supplier Audit Report - Pathway.pdf",".pdf","351.8","2026-03-10"
"Suppliers\Pathway\SupplierAudit23-02","Certificate of Audit Form 23-02.pdf",".pdf","214.7","2026-03-10"
"Suppliers\Pathway\SupplierAudit23-02","Pathway Supplier Audit Plan and Agenda - Nov 28-29, 2023.pdf",".pdf","1672.7","2026-03-10"
"Suppliers\Pathway\SupplierAudit23-02","Silq Audit 23-02 checklist.pdf",".pdf","447.1","2026-03-10"
"Suppliers\RichmanChemical","Adesis ISO9001_Certificate_exp 01Apr2027.pdf",".pdf","490.1","2026-03-10"
"Suppliers\RichmanChemical","Richman Chemical Supplier ReEvaluation Form 2023.pdf",".pdf","297.5","2026-03-10"
"Suppliers\RichmanChemical","Richman Chemical Supplier ReEvaluation Form 2024.pdf",".pdf","202.1","2026-03-10"
"Suppliers\RichmanChemical","Richman Chemical Supplier ReEvaluation Form 2025.pdf",".pdf","305.5","2026-04-20"
"Suppliers\RichmanChemical","Supplier Self-assessment Survey, Richman Chemical - signed.pdf",".pdf","343.9","2026-03-10"
"Suppliers\Steripax","QF-OP-40003 (SteriPax Organizational Chart) 07-12-2023 - FOR SURVEY USE.pdf",".pdf","107.7","2026-03-10"
"Suppliers\Steripax","QF-QA-40053 (Business System Manual Table of Contents).pdf",".pdf","156.7","2026-03-10"
"Suppliers\Steripax","Steripax 2022-2025 ISO 9001-2015 Certificate.pdf",".pdf","174.8","2026-03-10"
"Suppliers\Steripax","Steripax ISO_9001-2015_exp2028-11-12.pdf",".pdf","101.2","2026-04-23"
"Suppliers\Steripax","Steripax Supplier ReEvaluation Form 2024.pdf",".pdf","202.5","2026-03-10"
"Suppliers\Steripax","Steripax Supplier ReEvaluation Form 2025.pdf",".pdf","270.1","2026-04-20"
"Suppliers\Steripax","Suppler Assessment Survey - Steripax.pdf",".pdf","560","2026-03-10"
"Suppliers\TokyoChemicalIndustry","Supplier Assessment Survey - Tokyo Chemical Industry (TCI) Signed.pdf",".pdf","613.8","2026-03-10"
"Suppliers\TokyoChemicalIndustry","TCIA ISO 14001 Certificate (Expires 09_2028).pdf",".pdf","429.7","2026-03-10"
"Suppliers\TokyoChemicalIndustry","TCIA ISO 9001 Certificate (Expires 09_2028).pdf",".pdf","429.8","2026-03-10"
"Suppliers\TokyoChemicalIndustry","Tokyo Chemcial Industry (TCI America) Supplier Re-Evaluation 2021 signed.pdf",".pdf","251.2","2026-03-10"
"Suppliers\TokyoChemicalIndustry","Tokyo Chemcial Industry (TCI America) Supplier Re-Evaluation 2022 signed.pdf",".pdf","197.9","2026-03-10"
"Suppliers\TokyoChemicalIndustry","Tokyo Chemcial Industry (TCI America) Supplier Re-Evaluation 2023.pdf",".pdf","199.9","2026-03-10"
"Suppliers\TokyoChemicalIndustry","Tokyo Chemcial Industry (TCI America) Supplier Re-Evaluation 2024.pdf",".pdf","211.2","2026-03-10"
"Suppliers\TokyoChemicalIndustry","Tokyo Chemcial Industry (TCI America) Supplier Re-Evaluation 2025.pdf",".pdf","460.1","2026-04-20"
